2024-10-29 16:22:24,428 - masks - DEBUG: Получен номер счета
2024-10-29 16:22:24,428 - masks - DEBUG: Маска номера счета: **3391
2024-10-29 16:22:24,428 - masks - INFO: Маска номера счета сгенерирована успешно
2024-10-29 16:22:24,428 - masks - DEBUG: Получен номер счета
2024-10-29 16:22:24,428 - masks - DEBUG: Маска номера счета: **9397
2024-10-29 16:22:24,428 - masks - INFO: Маска номера счета сгенерирована успешно
2024-10-29 16:22:24,428 - masks - DEBUG: Получен номер карты
2024-10-29 16:22:24,428 - masks - DEBUG: Маска номера карты: 3172 60** **** 0065
2024-10-29 16:22:24,428 - masks - INFO: Маска номера карты сгенерирована успешно
2024-10-29 16:22:24,428 - masks - DEBUG: Получен номер карты
2024-10-29 16:22:24,428 - masks - DEBUG: Маска номера карты: 0720 42** **** 4643
2024-10-29 16:22:24,428 - masks - INFO: Маска номера карты сгенерирована успешно
2024-10-29 16:22:24,428 - masks - DEBUG: Получен номер карты
2024-10-29 16:22:24,428 - masks - DEBUG: Маска номера карты: 0325 95** **** 4937
2024-10-29 16:22:24,428 - masks - INFO: Маска номера карты сгенерирована успешно
2024-10-29 16:22:24,428 - masks - DEBUG: Получен номер карты
2024-10-29 16:22:24,428 - masks - DEBUG: Маска номера карты: 3820 48** **** 7420
2024-10-29 16:22:24,428 - masks - INFO: Маска номера карты сгенерирована успешно
2024-10-29 16:22:24,428 - masks - DEBUG: Получен номер карты
2024-10-29 16:22:24,428 - masks - DEBUG: Маска номера карты: 7286 84** **** 1431
2024-10-29 16:22:24,428 - masks - INFO: Маска номера карты сгенерирована успешно
2024-10-29 16:22:24,428 - masks - DEBUG: Получен номер счета
2024-10-29 16:22:24,428 - masks - DEBUG: Маска номера счета: **3144
2024-10-29 16:22:24,428 - masks - INFO: Маска номера счета сгенерирована успешно
2024-10-29 16:22:24,428 - masks - DEBUG: Получен номер карты
2024-10-29 16:22:24,428 - masks - DEBUG: Маска номера карты: 2759 01** **** 7198
2024-10-29 16:22:24,428 - masks - INFO: Маска номера карты сгенерирована успешно
2024-10-29 16:22:24,428 - masks - DEBUG: Получен номер счета
2024-10-29 16:22:24,428 - masks - DEBUG: Маска номера счета: **1082
2024-10-29 16:22:24,428 - masks - INFO: Маска номера счета сгенерирована успешно
2024-10-29 16:22:24,428 - masks - DEBUG: Получен номер карты
2024-10-29 16:22:24,428 - masks - DEBUG: Маска номера карты: 0773 09** **** 2450
2024-10-29 16:22:24,428 - masks - INFO: Маска номера карты сгенерирована успешно
2024-10-29 16:22:24,428 - masks - DEBUG: Получен номер карты
2024-10-29 16:22:24,428 - masks - DEBUG: Маска номера карты: 8602 78** **** 0491
2024-10-29 16:22:24,428 - masks - INFO: Маска номера карты сгенерирована успешно
2024-10-29 16:22:24,428 - masks - DEBUG: Получен номер счета
2024-10-29 16:22:24,428 - masks - DEBUG: Маска номера счета: **0340
2024-10-29 16:22:24,428 - masks - INFO: Маска номера счета сгенерирована успешно
2024-10-29 16:22:24,428 - masks - DEBUG: Получен номер счета
2024-10-29 16:22:24,428 - masks - DEBUG: Маска номера счета: **2163
2024-10-29 16:22:24,428 - masks - INFO: Маска номера счета сгенерирована успешно
2024-10-29 16:22:24,428 - masks - DEBUG: Получен номер карты
2024-10-29 16:22:24,428 - masks - DEBUG: Маска номера карты: 2717 11** **** 1212
2024-10-29 16:22:24,428 - masks - INFO: Маска номера карты сгенерирована успешно
2024-10-29 16:22:24,428 - masks - DEBUG: Получен номер карты
2024-10-29 16:22:24,428 - masks - DEBUG: Маска номера карты: 8397 32** **** 9617
2024-10-29 16:22:24,428 - masks - INFO: Маска номера карты сгенерирована успешно
2024-10-29 16:22:24,428 - masks - DEBUG: Получен номер карты
2024-10-29 16:22:24,428 - masks - DEBUG: Маска номера карты: 5962 58** **** 3755
2024-10-29 16:22:24,428 - masks - INFO: Маска номера карты сгенерирована успешно
2024-10-29 16:22:24,428 - masks - DEBUG: Получен номер карты
2024-10-29 16:22:24,428 - masks - DEBUG: Маска номера карты: 8961 65** **** 2237
2024-10-29 16:22:24,428 - masks - INFO: Маска номера карты сгенерирована успешно
2024-10-29 16:22:24,428 - masks - DEBUG: Получен номер карты
2024-10-29 16:22:24,428 - masks - DEBUG: Маска номера карты: 6665 11** **** 9732
2024-10-29 16:22:24,428 - masks - INFO: Маска номера карты сгенерирована успешно
2024-10-29 16:22:24,428 - masks - DEBUG: Получен номер карты
2024-10-29 16:22:24,428 - masks - DEBUG: Маска номера карты: 7292 52** **** 2607
2024-10-29 16:22:24,428 - masks - INFO: Маска номера карты сгенерирована успешно
2024-10-29 16:22:24,428 - masks - DEBUG: Получен номер карты
2024-10-29 16:22:24,428 - masks - DEBUG: Маска номера карты: 2227 84** **** 7189
2024-10-29 16:22:24,428 - masks - INFO: Маска номера карты сгенерирована успешно
2024-10-29 16:22:24,428 - masks - DEBUG: Получен номер карты
2024-10-29 16:22:24,428 - masks - DEBUG: Маска номера карты: 3354 64** **** 8456
2024-10-29 16:22:24,428 - masks - INFO: Маска номера карты сгенерирована успешно
2024-10-29 16:22:24,428 - masks - DEBUG: Получен номер карты
2024-10-29 16:22:24,428 - masks - DEBUG: Маска номера карты: 3471 03** **** 8884
2024-10-29 16:22:24,428 - masks - INFO: Маска номера карты сгенерирована успешно
2024-10-29 16:22:24,428 - masks - DEBUG: Получен номер карты
2024-10-29 16:22:24,428 - masks - DEBUG: Маска номера карты: 3506 55** **** 0576
2024-10-29 16:22:24,428 - masks - INFO: Маска номера карты сгенерирована успешно
2024-10-29 16:22:24,428 - masks - DEBUG: Получен номер карты
2024-10-29 16:22:24,428 - masks - DEBUG: Маска номера карты: 1750 23** **** 5711
2024-10-29 16:22:24,428 - masks - INFO: Маска номера карты сгенерирована успешно
2024-10-29 16:22:24,428 - masks - DEBUG: Получен номер карты
2024-10-29 16:22:24,428 - masks - DEBUG: Маска номера карты: 1365 46** **** 6991
2024-10-29 16:22:24,428 - masks - INFO: Маска номера карты сгенерирована успешно
2024-10-29 16:22:24,428 - masks - DEBUG: Получен номер карты
2024-10-29 16:22:24,428 - masks - DEBUG: Маска номера карты: 9557 66** **** 4580
2024-10-29 16:22:24,428 - masks - INFO: Маска номера карты сгенерирована успешно
2024-10-29 16:22:24,428 - masks - DEBUG: Получен номер карты
2024-10-29 16:22:24,428 - masks - DEBUG: Маска номера карты: 0970 13** **** 1523
2024-10-29 16:22:24,428 - masks - INFO: Маска номера карты сгенерирована успешно
2024-10-29 16:22:24,428 - masks - DEBUG: Получен номер карты
2024-10-29 16:22:24,428 - masks - DEBUG: Маска номера карты: 7606 03** **** 8692
2024-10-29 16:22:24,428 - masks - INFO: Маска номера карты сгенерирована успешно
2024-10-29 16:22:24,428 - masks - DEBUG: Получен номер счета
2024-10-29 16:22:24,428 - masks - DEBUG: Маска номера счета: **9441
2024-10-29 16:22:24,428 - masks - INFO: Маска номера счета сгенерирована успешно
2024-10-29 16:22:24,444 - masks - DEBUG: Получен номер карты
2024-10-29 16:22:24,444 - masks - DEBUG: Маска номера карты: 1191 14** **** 3256
2024-10-29 16:22:24,444 - masks - INFO: Маска номера карты сгенерирована успешно
2024-10-29 16:22:24,444 - masks - DEBUG: Получен номер счета
2024-10-29 16:22:24,444 - masks - DEBUG: Маска номера счета: **9910
2024-10-29 16:22:24,444 - masks - INFO: Маска номера счета сгенерирована успешно
2024-10-29 16:22:24,444 - masks - DEBUG: Получен номер карты
2024-10-29 16:22:24,444 - masks - DEBUG: Маска номера карты: 5736 87** **** 9262
2024-10-29 16:22:24,444 - masks - INFO: Маска номера карты сгенерирована успешно
2024-10-29 16:22:24,444 - masks - DEBUG: Получен номер карты
2024-10-29 16:22:24,444 - masks - DEBUG: Маска номера карты: 7416 41** **** 4963
2024-10-29 16:22:24,444 - masks - INFO: Маска номера карты сгенерирована успешно
2024-10-29 16:22:24,444 - masks - DEBUG: Получен номер карты
2024-10-29 16:22:24,444 - masks - DEBUG: Маска номера карты: 8790 52** **** 0257
2024-10-29 16:22:24,444 - masks - INFO: Маска номера карты сгенерирована успешно
2024-10-29 16:22:24,444 - masks - DEBUG: Получен номер карты
2024-10-29 16:22:24,444 - masks - DEBUG: Маска номера карты: 4436 25** **** 3909
2024-10-29 16:22:24,444 - masks - INFO: Маска номера карты сгенерирована успешно
2024-10-29 16:22:24,444 - masks - DEBUG: Получен номер карты
2024-10-29 16:22:24,444 - masks - DEBUG: Маска номера карты: 9446 73** **** 1774
2024-10-29 16:22:24,444 - masks - INFO: Маска номера карты сгенерирована успешно
2024-10-29 16:22:24,444 - masks - DEBUG: Получен номер карты
2024-10-29 16:22:24,444 - masks - DEBUG: Маска номера карты: 3661 53** **** 6235
2024-10-29 16:22:24,444 - masks - INFO: Маска номера карты сгенерирована успешно
2024-10-29 16:22:24,444 - masks - DEBUG: Получен номер счета
2024-10-29 16:22:24,444 - masks - DEBUG: Маска номера счета: **1377
2024-10-29 16:22:24,444 - masks - INFO: Маска номера счета сгенерирована успешно
2024-10-29 16:22:24,444 - masks - DEBUG: Получен номер счета
2024-10-29 16:22:24,444 - masks - DEBUG: Маска номера счета: **1520
2024-10-29 16:22:24,444 - masks - INFO: Маска номера счета сгенерирована успешно
2024-10-29 16:22:24,444 - masks - DEBUG: Получен номер карты
2024-10-29 16:22:24,444 - masks - DEBUG: Маска номера карты: 3003 75** **** 4505
2024-10-29 16:22:24,444 - masks - INFO: Маска номера карты сгенерирована успешно
2024-10-29 16:22:24,444 - masks - DEBUG: Получен номер карты
2024-10-29 16:22:24,444 - masks - DEBUG: Маска номера карты: 3913 90** **** 4933
2024-10-29 16:22:24,444 - masks - INFO: Маска номера карты сгенерирована успешно
2024-10-29 16:22:24,444 - masks - DEBUG: Получен номер карты
2024-10-29 16:22:24,444 - masks - DEBUG: Маска номера карты: 9460 81** **** 3403
2024-10-29 16:22:24,444 - masks - INFO: Маска номера карты сгенерирована успешно
2024-10-29 16:22:24,444 - masks - DEBUG: Получен номер карты
2024-10-29 16:22:24,444 - masks - DEBUG: Маска номера карты: 4565 91** **** 6373
2024-10-29 16:22:24,444 - masks - INFO: Маска номера карты сгенерирована успешно
2024-10-29 16:22:24,444 - masks - DEBUG: Получен номер счета
2024-10-29 16:22:24,444 - masks - DEBUG: Маска номера счета: **9461
2024-10-29 16:22:24,444 - masks - INFO: Маска номера счета сгенерирована успешно
2024-10-29 16:22:24,444 - masks - DEBUG: Получен номер счета
2024-10-29 16:22:24,444 - masks - DEBUG: Маска номера счета: **4223
2024-10-29 16:22:24,444 - masks - INFO: Маска номера счета сгенерирована успешно
2024-10-29 16:22:24,444 - masks - DEBUG: Получен номер карты
2024-10-29 16:22:24,444 - masks - DEBUG: Маска номера карты: 9868 99** **** 6172
2024-10-29 16:22:24,444 - masks - INFO: Маска номера карты сгенерирована успешно
2024-10-29 16:22:24,444 - masks - DEBUG: Получен номер карты
2024-10-29 16:22:24,444 - masks - DEBUG: Маска номера карты: 0291 20** **** 4166
2024-10-29 16:22:24,444 - masks - INFO: Маска номера карты сгенерирована успешно
2024-10-29 16:22:24,444 - masks - DEBUG: Получен номер карты
2024-10-29 16:22:24,444 - masks - DEBUG: Маска номера карты: 8149 57** **** 1684
2024-10-29 16:22:24,444 - masks - INFO: Маска номера карты сгенерирована успешно
2024-10-29 16:22:24,444 - masks - DEBUG: Получен номер карты
2024-10-29 16:22:24,444 - masks - DEBUG: Маска номера карты: 1229 61** **** 4328
2024-10-29 16:22:24,444 - masks - INFO: Маска номера карты сгенерирована успешно
2024-10-29 16:22:24,444 - masks - DEBUG: Получен номер карты
2024-10-29 16:22:24,444 - masks - DEBUG: Маска номера карты: 4505 96** **** 1645
2024-10-29 16:22:24,444 - masks - INFO: Маска номера карты сгенерирована успешно
2024-10-29 16:22:24,444 - masks - DEBUG: Получен номер карты
2024-10-29 16:22:24,444 - masks - DEBUG: Маска номера карты: 9119 18** **** 3008
2024-10-29 16:22:24,444 - masks - INFO: Маска номера карты сгенерирована успешно
2024-10-29 16:22:24,444 - masks - DEBUG: Получен номер карты
2024-10-29 16:22:24,444 - masks - DEBUG: Маска номера карты: 6760 43** **** 6407
2024-10-29 16:22:24,444 - masks - INFO: Маска номера карты сгенерирована успешно
2024-10-29 16:22:24,444 - masks - DEBUG: Получен номер карты
2024-10-29 16:22:24,444 - masks - DEBUG: Маска номера карты: 2625 11** **** 7464
2024-10-29 16:22:24,444 - masks - INFO: Маска номера карты сгенерирована успешно
2024-10-29 16:22:24,444 - masks - DEBUG: Получен номер карты
2024-10-29 16:22:24,444 - masks - DEBUG: Маска номера карты: 4128 55** **** 6298
2024-10-29 16:22:24,444 - masks - INFO: Маска номера карты сгенерирована успешно
2024-10-29 16:22:24,444 - masks - DEBUG: Получен номер карты
2024-10-29 16:22:24,444 - masks - DEBUG: Маска номера карты: 3778 72** **** 9351
2024-10-29 16:22:24,444 - masks - INFO: Маска номера карты сгенерирована успешно
2024-10-29 16:22:24,444 - masks - DEBUG: Получен номер карты
2024-10-29 16:22:24,444 - masks - DEBUG: Маска номера карты: 7071 81** **** 7326
2024-10-29 16:22:24,444 - masks - INFO: Маска номера карты сгенерирована успешно
2024-10-29 16:22:24,444 - masks - DEBUG: Получен номер карты
2024-10-29 16:22:24,444 - masks - DEBUG: Маска номера карты: 3745 59** **** 9450
2024-10-29 16:22:24,444 - masks - INFO: Маска номера карты сгенерирована успешно
2024-10-29 16:22:24,444 - masks - DEBUG: Получен номер счета
2024-10-29 16:22:24,444 - masks - DEBUG: Маска номера счета: **3191
2024-10-29 16:22:24,444 - masks - INFO: Маска номера счета сгенерирована успешно
2024-10-29 16:22:24,444 - masks - DEBUG: Получен номер счета
2024-10-29 16:22:24,444 - masks - DEBUG: Маска номера счета: **3745
2024-10-29 16:22:24,444 - masks - INFO: Маска номера счета сгенерирована успешно
2024-10-29 16:22:24,444 - masks - DEBUG: Получен номер счета
2024-10-29 16:22:24,444 - masks - DEBUG: Маска номера счета: **5309
2024-10-29 16:22:24,444 - masks - INFO: Маска номера счета сгенерирована успешно
2024-10-29 16:22:24,444 - masks - DEBUG: Получен номер счета
2024-10-29 16:22:24,444 - masks - DEBUG: Маска номера счета: **5215
2024-10-29 16:22:24,444 - masks - INFO: Маска номера счета сгенерирована успешно
2024-10-29 16:22:24,444 - masks - DEBUG: Получен номер карты
2024-10-29 16:22:24,444 - masks - DEBUG: Маска номера карты: 9646 24** **** 4373
2024-10-29 16:22:24,444 - masks - INFO: Маска номера карты сгенерирована успешно
2024-10-29 16:22:24,444 - masks - DEBUG: Получен номер карты
2024-10-29 16:22:24,444 - masks - DEBUG: Маска номера карты: 2760 54** **** 5973
2024-10-29 16:22:24,444 - masks - INFO: Маска номера карты сгенерирована успешно
2024-10-29 16:22:24,444 - masks - DEBUG: Получен номер карты
2024-10-29 16:22:24,444 - masks - DEBUG: Маска номера карты: 6966 87** **** 6759
2024-10-29 16:22:24,444 - masks - INFO: Маска номера карты сгенерирована успешно
2024-10-29 16:22:24,444 - masks - DEBUG: Получен номер карты
2024-10-29 16:22:24,444 - masks - DEBUG: Маска номера карты: 7149 83** **** 1156
2024-10-29 16:22:24,444 - masks - INFO: Маска номера карты сгенерирована успешно
2024-10-29 16:22:24,444 - masks - DEBUG: Получен номер карты
2024-10-29 16:22:24,444 - masks - DEBUG: Маска номера карты: 0845 29** **** 5838
2024-10-29 16:22:24,444 - masks - INFO: Маска номера карты сгенерирована успешно
2024-10-29 16:22:24,444 - masks - DEBUG: Получен номер карты
2024-10-29 16:22:24,444 - masks - DEBUG: Маска номера карты: 2238 21** **** 6055
2024-10-29 16:22:24,444 - masks - INFO: Маска номера карты сгенерирована успешно
2024-10-29 16:22:24,444 - masks - DEBUG: Получен номер карты
2024-10-29 16:22:24,444 - masks - DEBUG: Маска номера карты: 0079 19** **** 0544
2024-10-29 16:22:24,444 - masks - INFO: Маска номера карты сгенерирована успешно
2024-10-29 16:22:24,444 - masks - DEBUG: Получен номер карты
2024-10-29 16:22:24,444 - masks - DEBUG: Маска номера карты: 7445 13** **** 9659
2024-10-29 16:22:24,444 - masks - INFO: Маска номера карты сгенерирована успешно
2024-10-29 16:22:24,444 - masks - DEBUG: Получен номер карты
2024-10-29 16:22:24,444 - masks - DEBUG: Маска номера карты: 9087 12** **** 3879
2024-10-29 16:22:24,444 - masks - INFO: Маска номера карты сгенерирована успешно
2024-10-29 16:22:24,444 - masks - DEBUG: Получен номер карты
2024-10-29 16:22:24,444 - masks - DEBUG: Маска номера карты: 0990 85** **** 7781
2024-10-29 16:22:24,444 - masks - INFO: Маска номера карты сгенерирована успешно
2024-10-29 16:22:24,444 - masks - DEBUG: Получен номер карты
2024-10-29 16:22:24,444 - masks - DEBUG: Маска номера карты: 4260 34** **** 0886
2024-10-29 16:22:24,444 - masks - INFO: Маска номера карты сгенерирована успешно
2024-10-29 16:22:24,444 - masks - DEBUG: Получен номер карты
2024-10-29 16:22:24,444 - masks - DEBUG: Маска номера карты: 1623 51** **** 3702
2024-10-29 16:22:24,444 - masks - INFO: Маска номера карты сгенерирована успешно
2024-10-29 16:22:24,444 - masks - DEBUG: Получен номер карты
2024-10-29 16:22:24,444 - masks - DEBUG: Маска номера карты: 0600 84** **** 9444
2024-10-29 16:22:24,444 - masks - INFO: Маска номера карты сгенерирована успешно
2024-10-29 16:22:24,444 - masks - DEBUG: Получен номер карты
2024-10-29 16:22:24,444 - masks - DEBUG: Маска номера карты: 7956 69** **** 3113
2024-10-29 16:22:24,444 - masks - INFO: Маска номера карты сгенерирована успешно
2024-10-29 16:22:24,444 - masks - DEBUG: Получен номер карты
2024-10-29 16:22:24,444 - masks - DEBUG: Маска номера карты: 6339 65** **** 5322
2024-10-29 16:22:24,444 - masks - INFO: Маска номера карты сгенерирована успешно
2024-10-29 16:22:24,444 - masks - DEBUG: Получен номер карты
2024-10-29 16:22:24,444 - masks - DEBUG: Маска номера карты: 8283 40** **** 2955
2024-10-29 16:22:24,444 - masks - INFO: Маска номера карты сгенерирована успешно
2024-10-29 16:22:24,444 - masks - DEBUG: Получен номер карты
2024-10-29 16:22:24,444 - masks - DEBUG: Маска номера карты: 2283 99** **** 2528
2024-10-29 16:22:24,444 - masks - INFO: Маска номера карты сгенерирована успешно
2024-10-29 16:22:24,444 - masks - DEBUG: Получен номер счета
2024-10-29 16:22:24,444 - masks - DEBUG: Маска номера счета: **9734
2024-10-29 16:22:24,444 - masks - INFO: Маска номера счета сгенерирована успешно
2024-10-29 16:22:24,444 - masks - DEBUG: Получен номер карты
2024-10-29 16:22:24,444 - masks - DEBUG: Маска номера карты: 5977 38** **** 3805
2024-10-29 16:22:24,444 - masks - INFO: Маска номера карты сгенерирована успешно
2024-10-29 16:22:24,444 - masks - DEBUG: Получен номер карты
2024-10-29 16:22:24,444 - masks - DEBUG: Маска номера карты: 6189 16** **** 3812
2024-10-29 16:22:24,444 - masks - INFO: Маска номера карты сгенерирована успешно
2024-10-29 16:22:24,444 - masks - DEBUG: Получен номер карты
2024-10-29 16:22:24,444 - masks - DEBUG: Маска номера карты: 3093 12** **** 8405
2024-10-29 16:22:24,444 - masks - INFO: Маска номера карты сгенерирована успешно
2024-10-29 16:22:24,444 - masks - DEBUG: Получен номер карты
2024-10-29 16:22:24,444 - masks - DEBUG: Маска номера карты: 6950 00** **** 0411
2024-10-29 16:22:24,444 - masks - INFO: Маска номера карты сгенерирована успешно
2024-10-29 16:22:24,444 - masks - DEBUG: Получен номер карты
2024-10-29 16:22:24,444 - masks - DEBUG: Маска номера карты: 8450 84** **** 8928
2024-10-29 16:22:24,444 - masks - INFO: Маска номера карты сгенерирована успешно
2024-10-29 16:22:24,444 - masks - DEBUG: Получен номер карты
2024-10-29 16:22:24,444 - masks - DEBUG: Маска номера карты: 8423 77** **** 0650
2024-10-29 16:22:24,444 - masks - INFO: Маска номера карты сгенерирована успешно
2024-10-29 16:22:24,444 - masks - DEBUG: Получен номер карты
2024-10-29 16:22:24,444 - masks - DEBUG: Маска номера карты: 6684 48** **** 7422
2024-10-29 16:22:24,444 - masks - INFO: Маска номера карты сгенерирована успешно
2024-10-29 16:22:24,444 - masks - DEBUG: Получен номер карты
2024-10-29 16:22:24,444 - masks - DEBUG: Маска номера карты: 5590 02** **** 1078
2024-10-29 16:22:24,444 - masks - INFO: Маска номера карты сгенерирована успешно
2024-10-29 16:22:24,444 - masks - DEBUG: Получен номер карты
2024-10-29 16:22:24,444 - masks - DEBUG: Маска номера карты: 9207 42** **** 4659
2024-10-29 16:22:24,444 - masks - INFO: Маска номера карты сгенерирована успешно
2024-10-29 16:22:24,444 - masks - DEBUG: Получен номер карты
2024-10-29 16:22:24,444 - masks - DEBUG: Маска номера карты: 1817 58** **** 1554
2024-10-29 16:22:24,444 - masks - INFO: Маска номера карты сгенерирована успешно
2024-10-29 16:22:24,444 - masks - DEBUG: Получен номер карты
2024-10-29 16:22:24,444 - masks - DEBUG: Маска номера карты: 4687 45** **** 1698
2024-10-29 16:22:24,444 - masks - INFO: Маска номера карты сгенерирована успешно
2024-10-29 16:22:24,444 - masks - DEBUG: Получен номер карты
2024-10-29 16:22:24,444 - masks - DEBUG: Маска номера карты: 7020 43** **** 3637
2024-10-29 16:22:24,444 - masks - INFO: Маска номера карты сгенерирована успешно
2024-10-29 16:22:24,444 - masks - DEBUG: Получен номер счета
2024-10-29 16:22:24,444 - masks - DEBUG: Маска номера счета: **2743
2024-10-29 16:22:24,444 - masks - INFO: Маска номера счета сгенерирована успешно
2024-10-29 16:22:24,444 - masks - DEBUG: Получен номер счета
2024-10-29 16:22:24,444 - masks - DEBUG: Маска номера счета: **8701
2024-10-29 16:22:24,444 - masks - INFO: Маска номера счета сгенерирована успешно
2024-10-29 16:22:24,444 - masks - DEBUG: Получен номер карты
2024-10-29 16:22:24,444 - masks - DEBUG: Маска номера карты: 2434 96** **** 2230
2024-10-29 16:22:24,444 - masks - INFO: Маска номера карты сгенерирована успешно
2024-10-29 16:22:24,444 - masks - DEBUG: Получен номер счета
2024-10-29 16:22:24,444 - masks - DEBUG: Маска номера счета: **2233
2024-10-29 16:22:24,444 - masks - INFO: Маска номера счета сгенерирована успешно
2024-10-29 16:22:24,444 - masks - DEBUG: Получен номер карты
2024-10-29 16:22:24,444 - masks - DEBUG: Маска номера карты: 8252 69** **** 7583
2024-10-29 16:22:24,444 - masks - INFO: Маска номера карты сгенерирована успешно
2024-10-29 16:22:24,444 - masks - DEBUG: Получен номер карты
2024-10-29 16:22:24,444 - masks - DEBUG: Маска номера карты: 1020 43** **** 0987
2024-10-29 16:22:24,444 - masks - INFO: Маска номера карты сгенерирована успешно
2024-10-29 16:22:24,444 - masks - DEBUG: Получен номер счета
2024-10-29 16:22:24,444 - masks - DEBUG: Маска номера счета: **9601
2024-10-29 16:22:24,444 - masks - INFO: Маска номера счета сгенерирована успешно
2024-10-29 16:22:24,444 - masks - DEBUG: Получен номер счета
2024-10-29 16:22:24,444 - masks - DEBUG: Маска номера счета: **6527
2024-10-29 16:22:24,444 - masks - INFO: Маска номера счета сгенерирована успешно
2024-10-29 16:22:24,444 - masks - DEBUG: Получен номер карты
2024-10-29 16:22:24,444 - masks - DEBUG: Маска номера карты: 5007 56** **** 2358
2024-10-29 16:22:24,444 - masks - INFO: Маска номера карты сгенерирована успешно
2024-10-29 16:22:24,444 - masks - DEBUG: Получен номер карты
2024-10-29 16:22:24,444 - masks - DEBUG: Маска номера карты: 2958 60** **** 7711
2024-10-29 16:22:24,444 - masks - INFO: Маска номера карты сгенерирована успешно
2024-10-29 16:22:24,444 - masks - DEBUG: Получен номер карты
2024-10-29 16:22:24,444 - masks - DEBUG: Маска номера карты: 8101 22** **** 7385
2024-10-29 16:22:24,444 - masks - INFO: Маска номера карты сгенерирована успешно
2024-10-29 16:22:24,444 - masks - DEBUG: Получен номер карты
2024-10-29 16:22:24,444 - masks - DEBUG: Маска номера карты: 9262 72** **** 7665
2024-10-29 16:22:24,444 - masks - INFO: Маска номера карты сгенерирована успешно
2024-10-29 16:22:24,444 - masks - DEBUG: Получен номер карты
2024-10-29 16:22:24,444 - masks - DEBUG: Маска номера карты: 6286 84** **** 9943
2024-10-29 16:22:24,444 - masks - INFO: Маска номера карты сгенерирована успешно
2024-10-29 16:22:24,444 - masks - DEBUG: Получен номер карты
2024-10-29 16:22:24,444 - masks - DEBUG: Маска номера карты: 7898 37** **** 1997
2024-10-29 16:22:24,444 - masks - INFO: Маска номера карты сгенерирована успешно
2024-10-29 16:22:24,444 - masks - DEBUG: Получен номер карты
2024-10-29 16:22:24,444 - masks - DEBUG: Маска номера карты: 2565 63** **** 4491
2024-10-29 16:22:24,444 - masks - INFO: Маска номера карты сгенерирована успешно
2024-10-29 16:22:24,444 - masks - DEBUG: Получен номер карты
2024-10-29 16:22:24,444 - masks - DEBUG: Маска номера карты: 0552 04** **** 0993
2024-10-29 16:22:24,444 - masks - INFO: Маска номера карты сгенерирована успешно
2024-10-29 16:22:24,444 - masks - DEBUG: Получен номер карты
2024-10-29 16:22:24,444 - masks - DEBUG: Маска номера карты: 5313 94** **** 6164
2024-10-29 16:22:24,444 - masks - INFO: Маска номера карты сгенерирована успешно
2024-10-29 16:22:24,444 - masks - DEBUG: Получен номер карты
2024-10-29 16:22:24,444 - masks - DEBUG: Маска номера карты: 0329 77** **** 1288
2024-10-29 16:22:24,444 - masks - INFO: Маска номера карты сгенерирована успешно
2024-10-29 16:22:24,444 - masks - DEBUG: Получен номер карты
2024-10-29 16:22:24,444 - masks - DEBUG: Маска номера карты: 5416 17** **** 6657
2024-10-29 16:22:24,444 - masks - INFO: Маска номера карты сгенерирована успешно
2024-10-29 16:22:24,444 - masks - DEBUG: Получен номер карты
2024-10-29 16:22:24,444 - masks - DEBUG: Маска номера карты: 0160 95** **** 0256
2024-10-29 16:22:24,444 - masks - INFO: Маска номера карты сгенерирована успешно
2024-10-29 16:22:24,444 - masks - DEBUG: Получен номер карты
2024-10-29 16:22:24,444 - masks - DEBUG: Маска номера карты: 0466 47** **** 7794
2024-10-29 16:22:24,444 - masks - INFO: Маска номера карты сгенерирована успешно
2024-10-29 16:22:24,444 - masks - DEBUG: Получен номер карты
2024-10-29 16:22:24,444 - masks - DEBUG: Маска номера карты: 8191 40** **** 7433
2024-10-29 16:22:24,444 - masks - INFO: Маска номера карты сгенерирована успешно
2024-10-29 16:22:24,444 - masks - DEBUG: Получен номер карты
2024-10-29 16:22:24,444 - masks - DEBUG: Маска номера карты: 4570 02** **** 6266
2024-10-29 16:22:24,444 - masks - INFO: Маска номера карты сгенерирована успешно
2024-10-29 16:22:24,444 - masks - DEBUG: Получен номер карты
2024-10-29 16:22:24,444 - masks - DEBUG: Маска номера карты: 4329 80** **** 5700
2024-10-29 16:22:24,444 - masks - INFO: Маска номера карты сгенерирована успешно
2024-10-29 16:22:24,444 - masks - DEBUG: Получен номер карты
2024-10-29 16:22:24,444 - masks - DEBUG: Маска номера карты: 8673 17** **** 6844
2024-10-29 16:22:24,444 - masks - INFO: Маска номера карты сгенерирована успешно
2024-10-29 16:22:24,444 - masks - DEBUG: Получен номер карты
2024-10-29 16:22:24,444 - masks - DEBUG: Маска номера карты: 4042 37** **** 7197
2024-10-29 16:22:24,444 - masks - INFO: Маска номера карты сгенерирована успешно
2024-10-29 16:22:24,444 - masks - DEBUG: Получен номер карты
2024-10-29 16:22:24,444 - masks - DEBUG: Маска номера карты: 1754 26** **** 2113
2024-10-29 16:22:24,444 - masks - INFO: Маска номера карты сгенерирована успешно
2024-10-29 16:22:24,444 - masks - DEBUG: Получен номер карты
2024-10-29 16:22:24,444 - masks - DEBUG: Маска номера карты: 1912 24** **** 4869
2024-10-29 16:22:24,444 - masks - INFO: Маска номера карты сгенерирована успешно
2024-10-29 16:22:24,444 - masks - DEBUG: Получен номер карты
2024-10-29 16:22:24,444 - masks - DEBUG: Маска номера карты: 6821 57** **** 2824
2024-10-29 16:22:24,444 - masks - INFO: Маска номера карты сгенерирована успешно
2024-10-29 16:22:24,444 - masks - DEBUG: Получен номер карты
2024-10-29 16:22:24,444 - masks - DEBUG: Маска номера карты: 7288 94** **** 3737
2024-10-29 16:22:24,444 - masks - INFO: Маска номера карты сгенерирована успешно
2024-10-29 16:22:24,444 - masks - DEBUG: Получен номер счета
2024-10-29 16:22:24,444 - masks - DEBUG: Маска номера счета: **5069
2024-10-29 16:22:24,444 - masks - INFO: Маска номера счета сгенерирована успешно
2024-10-29 16:22:24,444 - masks - DEBUG: Получен номер счета
2024-10-29 16:22:24,444 - masks - DEBUG: Маска номера счета: **1370
2024-10-29 16:22:24,444 - masks - INFO: Маска номера счета сгенерирована успешно
2024-10-29 16:22:24,444 - masks - DEBUG: Получен номер карты
2024-10-29 16:22:24,444 - masks - DEBUG: Маска номера карты: 3879 94** **** 8107
2024-10-29 16:22:24,444 - masks - INFO: Маска номера карты сгенерирована успешно
2024-10-29 16:22:24,444 - masks - DEBUG: Получен номер счета
2024-10-29 16:22:24,444 - masks - DEBUG: Маска номера счета: **5688
2024-10-29 16:22:24,444 - masks - INFO: Маска номера счета сгенерирована успешно
2024-10-29 16:22:24,444 - masks - DEBUG: Получен номер карты
2024-10-29 16:22:24,444 - masks - DEBUG: Маска номера карты: 4573 98** **** 4005
2024-10-29 16:22:24,444 - masks - INFO: Маска номера карты сгенерирована успешно
2024-10-29 16:22:24,444 - masks - DEBUG: Получен номер карты
2024-10-29 16:22:24,444 - masks - DEBUG: Маска номера карты: 4935 47** **** 5091
2024-10-29 16:22:24,444 - masks - INFO: Маска номера карты сгенерирована успешно
2024-10-29 16:22:24,444 - masks - DEBUG: Получен номер счета
2024-10-29 16:22:24,444 - masks - DEBUG: Маска номера счета: **0482
2024-10-29 16:22:24,444 - masks - INFO: Маска номера счета сгенерирована успешно
2024-10-29 16:22:24,444 - masks - DEBUG: Получен номер счета
2024-10-29 16:22:24,444 - masks - DEBUG: Маска номера счета: **9939
2024-10-29 16:22:24,444 - masks - INFO: Маска номера счета сгенерирована успешно
2024-10-29 16:22:24,444 - masks - DEBUG: Получен номер карты
2024-10-29 16:22:24,444 - masks - DEBUG: Маска номера карты: 8063 28** **** 9650
2024-10-29 16:22:24,444 - masks - INFO: Маска номера карты сгенерирована успешно
2024-10-29 16:22:24,444 - masks - DEBUG: Получен номер карты
2024-10-29 16:22:24,444 - masks - DEBUG: Маска номера карты: 1695 74** **** 4893
2024-10-29 16:22:24,444 - masks - INFO: Маска номера карты сгенерирована успешно
2024-10-29 16:22:24,444 - masks - DEBUG: Получен номер карты
2024-10-29 16:22:24,444 - masks - DEBUG: Маска номера карты: 9143 19** **** 1093
2024-10-29 16:22:24,444 - masks - INFO: Маска номера карты сгенерирована успешно
2024-10-29 16:22:24,444 - masks - DEBUG: Получен номер карты
2024-10-29 16:22:24,444 - masks - DEBUG: Маска номера карты: 1754 00** **** 2425
2024-10-29 16:22:24,444 - masks - INFO: Маска номера карты сгенерирована успешно
2024-10-29 16:22:24,444 - masks - DEBUG: Получен номер карты
2024-10-29 16:22:24,444 - masks - DEBUG: Маска номера карты: 9169 12** **** 7636
2024-10-29 16:22:24,444 - masks - INFO: Маска номера карты сгенерирована успешно
2024-10-29 16:22:24,444 - masks - DEBUG: Получен номер карты
2024-10-29 16:22:24,444 - masks - DEBUG: Маска номера карты: 2934 47** **** 8099
2024-10-29 16:22:24,444 - masks - INFO: Маска номера карты сгенерирована успешно
2024-10-29 16:22:24,444 - masks - DEBUG: Получен номер карты
2024-10-29 16:22:24,444 - masks - DEBUG: Маска номера карты: 9147 08** **** 5377
2024-10-29 16:22:24,444 - masks - INFO: Маска номера карты сгенерирована успешно
2024-10-29 16:22:24,444 - masks - DEBUG: Получен номер карты
2024-10-29 16:22:24,444 - masks - DEBUG: Маска номера карты: 8088 95** **** 0478
2024-10-29 16:22:24,444 - masks - INFO: Маска номера карты сгенерирована успешно
2024-10-29 16:22:24,444 - masks - DEBUG: Получен номер карты
2024-10-29 16:22:24,444 - masks - DEBUG: Маска номера карты: 1247 21** **** 1067
2024-10-29 16:22:24,444 - masks - INFO: Маска номера карты сгенерирована успешно
2024-10-29 16:22:24,444 - masks - DEBUG: Получен номер карты
2024-10-29 16:22:24,444 - masks - DEBUG: Маска номера карты: 5715 94** **** 3205
2024-10-29 16:22:24,444 - masks - INFO: Маска номера карты сгенерирована успешно
2024-10-29 16:22:24,444 - masks - DEBUG: Получен номер карты
2024-10-29 16:22:24,444 - masks - DEBUG: Маска номера карты: 7682 18** **** 4709
2024-10-29 16:22:24,444 - masks - INFO: Маска номера карты сгенерирована успешно
2024-10-29 16:22:24,444 - masks - DEBUG: Получен номер счета
2024-10-29 16:22:24,444 - masks - DEBUG: Маска номера счета: **0744
2024-10-29 16:22:24,444 - masks - INFO: Маска номера счета сгенерирована успешно
2024-10-29 16:22:24,444 - masks - DEBUG: Получен номер карты
2024-10-29 16:22:24,444 - masks - DEBUG: Маска номера карты: 2479 02** **** 7707
2024-10-29 16:22:24,444 - masks - INFO: Маска номера карты сгенерирована успешно
2024-10-29 16:22:24,444 - masks - DEBUG: Получен номер карты
2024-10-29 16:22:24,444 - masks - DEBUG: Маска номера карты: 2118 72** **** 1392
2024-10-29 16:22:24,444 - masks - INFO: Маска номера карты сгенерирована успешно
2024-10-29 16:22:24,444 - masks - DEBUG: Получен номер карты
2024-10-29 16:22:24,444 - masks - DEBUG: Маска номера карты: 0874 43** **** 9097
2024-10-29 16:22:24,444 - masks - INFO: Маска номера карты сгенерирована успешно
2024-10-29 16:22:24,444 - masks - DEBUG: Получен номер карты
2024-10-29 16:22:24,444 - masks - DEBUG: Маска номера карты: 2043 82** **** 5986
2024-10-29 16:22:24,444 - masks - INFO: Маска номера карты сгенерирована успешно
2024-10-29 16:22:24,444 - masks - DEBUG: Получен номер карты
2024-10-29 16:22:24,444 - masks - DEBUG: Маска номера карты: 1333 73** **** 6448
2024-10-29 16:22:24,444 - masks - INFO: Маска номера карты сгенерирована успешно
2024-10-29 16:22:24,444 - masks - DEBUG: Получен номер карты
2024-10-29 16:22:24,444 - masks - DEBUG: Маска номера карты: 2001 67** **** 2435
2024-10-29 16:22:24,444 - masks - INFO: Маска номера карты сгенерирована успешно
2024-10-29 16:22:24,444 - masks - DEBUG: Получен номер карты
2024-10-29 16:22:24,444 - masks - DEBUG: Маска номера карты: 5462 31** **** 4855
2024-10-29 16:22:24,444 - masks - INFO: Маска номера карты сгенерирована успешно
2024-10-29 16:22:24,444 - masks - DEBUG: Получен номер карты
2024-10-29 16:22:24,444 - masks - DEBUG: Маска номера карты: 5051 03** **** 6472
2024-10-29 16:22:24,444 - masks - INFO: Маска номера карты сгенерирована успешно
2024-10-29 16:22:24,444 - masks - DEBUG: Получен номер карты
2024-10-29 16:22:24,444 - masks - DEBUG: Маска номера карты: 6573 22** **** 6188
2024-10-29 16:22:24,444 - masks - INFO: Маска номера карты сгенерирована успешно
2024-10-29 16:22:24,444 - masks - DEBUG: Получен номер карты
2024-10-29 16:22:24,444 - masks - DEBUG: Маска номера карты: 9351 89** **** 7255
2024-10-29 16:22:24,444 - masks - INFO: Маска номера карты сгенерирована успешно
2024-10-29 16:22:24,444 - masks - DEBUG: Получен номер счета
2024-10-29 16:22:24,444 - masks - DEBUG: Маска номера счета: **7467
2024-10-29 16:22:24,444 - masks - INFO: Маска номера счета сгенерирована успешно
2024-10-29 16:22:24,444 - masks - DEBUG: Получен номер счета
2024-10-29 16:22:24,444 - masks - DEBUG: Маска номера счета: **7744
2024-10-29 16:22:24,444 - masks - INFO: Маска номера счета сгенерирована успешно
2024-10-29 16:22:24,444 - masks - DEBUG: Получен номер карты
2024-10-29 16:22:24,444 - masks - DEBUG: Маска номера карты: 3972 06** **** 9638
2024-10-29 16:22:24,444 - masks - INFO: Маска номера карты сгенерирована успешно
2024-10-29 16:22:24,444 - masks - DEBUG: Получен номер карты
2024-10-29 16:22:24,444 - masks - DEBUG: Маска номера карты: 6170 99** **** 2389
2024-10-29 16:22:24,444 - masks - INFO: Маска номера карты сгенерирована успешно
2024-10-29 16:22:24,444 - masks - DEBUG: Получен номер счета
2024-10-29 16:22:24,444 - masks - DEBUG: Маска номера счета: **9542
2024-10-29 16:22:24,444 - masks - INFO: Маска номера счета сгенерирована успешно
2024-10-29 16:22:24,444 - masks - DEBUG: Получен номер счета
2024-10-29 16:22:24,444 - masks - DEBUG: Маска номера счета: **5832
2024-10-29 16:22:24,444 - masks - INFO: Маска номера счета сгенерирована успешно
2024-10-29 16:22:24,444 - masks - DEBUG: Получен номер карты
2024-10-29 16:22:24,444 - masks - DEBUG: Маска номера карты: 1046 60** **** 0966
2024-10-29 16:22:24,444 - masks - INFO: Маска номера карты сгенерирована успешно
2024-10-29 16:22:24,444 - masks - DEBUG: Получен номер карты
2024-10-29 16:22:24,444 - masks - DEBUG: Маска номера карты: 3844 03** **** 9614
2024-10-29 16:22:24,444 - masks - INFO: Маска номера карты сгенерирована успешно
2024-10-29 16:22:24,444 - masks - DEBUG: Получен номер карты
2024-10-29 16:22:24,444 - masks - DEBUG: Маска номера карты: 0249 96** **** 2276
2024-10-29 16:22:24,444 - masks - INFO: Маска номера карты сгенерирована успешно
2024-10-29 16:22:24,444 - masks - DEBUG: Получен номер карты
2024-10-29 16:22:24,444 - masks - DEBUG: Маска номера карты: 3497 55** **** 6189
2024-10-29 16:22:24,444 - masks - INFO: Маска номера карты сгенерирована успешно
2024-10-29 16:22:24,444 - masks - DEBUG: Получен номер карты
2024-10-29 16:22:24,444 - masks - DEBUG: Маска номера карты: 9022 98** **** 0429
2024-10-29 16:22:24,444 - masks - INFO: Маска номера карты сгенерирована успешно
2024-10-29 16:22:24,444 - masks - DEBUG: Получен номер карты
2024-10-29 16:22:24,444 - masks - DEBUG: Маска номера карты: 2122 02** **** 1974
2024-10-29 16:22:24,444 - masks - INFO: Маска номера карты сгенерирована успешно
2024-10-29 16:22:24,444 - masks - DEBUG: Получен номер карты
2024-10-29 16:22:24,444 - masks - DEBUG: Маска номера карты: 5289 34** **** 4249
2024-10-29 16:22:24,444 - masks - INFO: Маска номера карты сгенерирована успешно
2024-10-29 16:22:24,444 - masks - DEBUG: Получен номер счета
2024-10-29 16:22:24,444 - masks - DEBUG: Маска номера счета: **7273
2024-10-29 16:22:24,444 - masks - INFO: Маска номера счета сгенерирована успешно
2024-10-29 16:22:24,459 - masks - DEBUG: Получен номер карты
2024-10-29 16:22:24,459 - masks - DEBUG: Маска номера карты: 7324 39** **** 0827
2024-10-29 16:22:24,459 - masks - INFO: Маска номера карты сгенерирована успешно
2024-10-29 16:22:24,459 - masks - DEBUG: Получен номер карты
2024-10-29 16:22:24,459 - masks - DEBUG: Маска номера карты: 7921 74** **** 8369
2024-10-29 16:22:24,459 - masks - INFO: Маска номера карты сгенерирована успешно
2024-10-29 16:22:24,459 - masks - DEBUG: Получен номер карты
2024-10-29 16:22:24,459 - masks - DEBUG: Маска номера карты: 0723 66** **** 7272
2024-10-29 16:22:24,459 - masks - INFO: Маска номера карты сгенерирована успешно
2024-10-29 16:22:24,459 - masks - DEBUG: Получен номер карты
2024-10-29 16:22:24,459 - masks - DEBUG: Маска номера карты: 9942 20** **** 2902
2024-10-29 16:22:24,459 - masks - INFO: Маска номера карты сгенерирована успешно
2024-10-29 16:22:24,459 - masks - DEBUG: Получен номер карты
2024-10-29 16:22:24,459 - masks - DEBUG: Маска номера карты: 8645 22** **** 0480
2024-10-29 16:22:24,459 - masks - INFO: Маска номера карты сгенерирована успешно
2024-10-29 16:22:24,459 - masks - DEBUG: Получен номер карты
2024-10-29 16:22:24,459 - masks - DEBUG: Маска номера карты: 1228 01** **** 5802
2024-10-29 16:22:24,459 - masks - INFO: Маска номера карты сгенерирована успешно
2024-10-29 16:22:24,459 - masks - DEBUG: Получен номер карты
2024-10-29 16:22:24,459 - masks - DEBUG: Маска номера карты: 6032 27** **** 5579
2024-10-29 16:22:24,459 - masks - INFO: Маска номера карты сгенерирована успешно
2024-10-29 16:22:24,459 - masks - DEBUG: Получен номер карты
2024-10-29 16:22:24,459 - masks - DEBUG: Маска номера карты: 0183 18** **** 5417
2024-10-29 16:22:24,459 - masks - INFO: Маска номера карты сгенерирована успешно
2024-10-29 16:22:24,459 - masks - DEBUG: Получен номер карты
2024-10-29 16:22:24,459 - masks - DEBUG: Маска номера карты: 8220 17** **** 3887
2024-10-29 16:22:24,459 - masks - INFO: Маска номера карты сгенерирована успешно
2024-10-29 16:22:24,459 - masks - DEBUG: Получен номер карты
2024-10-29 16:22:24,459 - masks - DEBUG: Маска номера карты: 4802 62** **** 4288
2024-10-29 16:22:24,459 - masks - INFO: Маска номера карты сгенерирована успешно
2024-10-29 16:22:24,459 - masks - DEBUG: Получен номер карты
2024-10-29 16:22:24,459 - masks - DEBUG: Маска номера карты: 3773 07** **** 3720
2024-10-29 16:22:24,459 - masks - INFO: Маска номера карты сгенерирована успешно
2024-10-29 16:22:24,459 - masks - DEBUG: Получен номер карты
2024-10-29 16:22:24,459 - masks - DEBUG: Маска номера карты: 6858 85** **** 2671
2024-10-29 16:22:24,459 - masks - INFO: Маска номера карты сгенерирована успешно
2024-10-29 16:22:24,459 - masks - DEBUG: Получен номер карты
2024-10-29 16:22:24,459 - masks - DEBUG: Маска номера карты: 0188 38** **** 2599
2024-10-29 16:22:24,459 - masks - INFO: Маска номера карты сгенерирована успешно
2024-10-29 16:22:24,459 - masks - DEBUG: Получен номер счета
2024-10-29 16:22:24,459 - masks - DEBUG: Маска номера счета: **5731
2024-10-29 16:22:24,459 - masks - INFO: Маска номера счета сгенерирована успешно
2024-10-29 16:22:24,459 - masks - DEBUG: Получен номер счета
2024-10-29 16:22:24,459 - masks - DEBUG: Маска номера счета: **0418
2024-10-29 16:22:24,459 - masks - INFO: Маска номера счета сгенерирована успешно
2024-10-29 16:22:24,459 - masks - DEBUG: Получен номер счета
2024-10-29 16:22:24,459 - masks - DEBUG: Маска номера счета: **6901
2024-10-29 16:22:24,459 - masks - INFO: Маска номера счета сгенерирована успешно
2024-10-29 16:22:24,459 - masks - DEBUG: Получен номер карты
2024-10-29 16:22:24,459 - masks - DEBUG: Маска номера карты: 6902 83** **** 4644
2024-10-29 16:22:24,459 - masks - INFO: Маска номера карты сгенерирована успешно
2024-10-29 16:22:24,459 - masks - DEBUG: Получен номер карты
2024-10-29 16:22:24,459 - masks - DEBUG: Маска номера карты: 1368 44** **** 5273
2024-10-29 16:22:24,459 - masks - INFO: Маска номера карты сгенерирована успешно
2024-10-29 16:22:24,459 - masks - DEBUG: Получен номер карты
2024-10-29 16:22:24,459 - masks - DEBUG: Маска номера карты: 2933 93** **** 3054
2024-10-29 16:22:24,459 - masks - INFO: Маска номера карты сгенерирована успешно
2024-10-29 16:22:24,459 - masks - DEBUG: Получен номер карты
2024-10-29 16:22:24,459 - masks - DEBUG: Маска номера карты: 6226 87** **** 0632
2024-10-29 16:22:24,459 - masks - INFO: Маска номера карты сгенерирована успешно
2024-10-29 16:22:24,459 - masks - DEBUG: Получен номер карты
2024-10-29 16:22:24,459 - masks - DEBUG: Маска номера карты: 5392 50** **** 8414
2024-10-29 16:22:24,459 - masks - INFO: Маска номера карты сгенерирована успешно
2024-10-29 16:22:24,459 - masks - DEBUG: Получен номер карты
2024-10-29 16:22:24,459 - masks - DEBUG: Маска номера карты: 2183 72** **** 1120
2024-10-29 16:22:24,459 - masks - INFO: Маска номера карты сгенерирована успешно
2024-10-29 16:22:24,459 - masks - DEBUG: Получен номер карты
2024-10-29 16:22:24,459 - masks - DEBUG: Маска номера карты: 6798 61** **** 6545
2024-10-29 16:22:24,459 - masks - INFO: Маска номера карты сгенерирована успешно
2024-10-29 16:22:24,459 - masks - DEBUG: Получен номер карты
2024-10-29 16:22:24,459 - masks - DEBUG: Маска номера карты: 6604 78** **** 9646
2024-10-29 16:22:24,459 - masks - INFO: Маска номера карты сгенерирована успешно
2024-10-29 16:22:24,459 - masks - DEBUG: Получен номер карты
2024-10-29 16:22:24,459 - masks - DEBUG: Маска номера карты: 3337 75** **** 8366
2024-10-29 16:22:24,459 - masks - INFO: Маска номера карты сгенерирована успешно
2024-10-29 16:22:24,459 - masks - DEBUG: Получен номер счета
2024-10-29 16:22:24,459 - masks - DEBUG: Маска номера счета: **8397
2024-10-29 16:22:24,459 - masks - INFO: Маска номера счета сгенерирована успешно
2024-10-29 16:22:24,459 - masks - DEBUG: Получен номер карты
2024-10-29 16:22:24,459 - masks - DEBUG: Маска номера карты: 9726 70** **** 8235
2024-10-29 16:22:24,459 - masks - INFO: Маска номера карты сгенерирована успешно
2024-10-29 16:22:24,459 - masks - DEBUG: Получен номер карты
2024-10-29 16:22:24,459 - masks - DEBUG: Маска номера карты: 5069 43** **** 3663
2024-10-29 16:22:24,459 - masks - INFO: Маска номера карты сгенерирована успешно
2024-10-29 16:22:24,459 - masks - DEBUG: Получен номер счета
2024-10-29 16:22:24,459 - masks - DEBUG: Маска номера счета: **6072
2024-10-29 16:22:24,459 - masks - INFO: Маска номера счета сгенерирована успешно
2024-10-29 16:22:24,459 - masks - DEBUG: Получен номер счета
2024-10-29 16:22:24,459 - masks - DEBUG: Маска номера счета: **3598
2024-10-29 16:22:24,459 - masks - INFO: Маска номера счета сгенерирована успешно
2024-10-29 16:22:24,459 - masks - DEBUG: Получен номер карты
2024-10-29 16:22:24,459 - masks - DEBUG: Маска номера карты: 1088 57** **** 2649
2024-10-29 16:22:24,459 - masks - INFO: Маска номера карты сгенерирована успешно
2024-10-29 16:22:24,459 - masks - DEBUG: Получен номер карты
2024-10-29 16:22:24,459 - masks - DEBUG: Маска номера карты: 4849 48** **** 9692
2024-10-29 16:22:24,459 - masks - INFO: Маска номера карты сгенерирована успешно
2024-10-29 16:22:24,459 - masks - DEBUG: Получен номер карты
2024-10-29 16:22:24,459 - masks - DEBUG: Маска номера карты: 9288 65** **** 4462
2024-10-29 16:22:24,459 - masks - INFO: Маска номера карты сгенерирована успешно
2024-10-29 16:22:24,459 - masks - DEBUG: Получен номер карты
2024-10-29 16:22:24,459 - masks - DEBUG: Маска номера карты: 1675 22** **** 3295
2024-10-29 16:22:24,459 - masks - INFO: Маска номера карты сгенерирована успешно
2024-10-29 16:22:24,459 - masks - DEBUG: Получен номер карты
2024-10-29 16:22:24,459 - masks - DEBUG: Маска номера карты: 3997 17** **** 5093
2024-10-29 16:22:24,459 - masks - INFO: Маска номера карты сгенерирована успешно
2024-10-29 16:22:24,459 - masks - DEBUG: Получен номер карты
2024-10-29 16:22:24,459 - masks - DEBUG: Маска номера карты: 1271 70** **** 8282
2024-10-29 16:22:24,459 - masks - INFO: Маска номера карты сгенерирована успешно
2024-10-29 16:22:24,459 - masks - DEBUG: Получен номер карты
2024-10-29 16:22:24,459 - masks - DEBUG: Маска номера карты: 0482 59** **** 8280
2024-10-29 16:22:24,459 - masks - INFO: Маска номера карты сгенерирована успешно
2024-10-29 16:22:24,459 - masks - DEBUG: Получен номер карты
2024-10-29 16:22:24,459 - masks - DEBUG: Маска номера карты: 0377 33** **** 7978
2024-10-29 16:22:24,459 - masks - INFO: Маска номера карты сгенерирована успешно
2024-10-29 16:22:24,459 - masks - DEBUG: Получен номер карты
2024-10-29 16:22:24,459 - masks - DEBUG: Маска номера карты: 9698 31** **** 8820
2024-10-29 16:22:24,459 - masks - INFO: Маска номера карты сгенерирована успешно
2024-10-29 16:22:24,459 - masks - DEBUG: Получен номер счета
2024-10-29 16:22:24,459 - masks - DEBUG: Маска номера счета: **1508
2024-10-29 16:22:24,459 - masks - INFO: Маска номера счета сгенерирована успешно
2024-10-29 16:22:24,459 - masks - DEBUG: Получен номер счета
2024-10-29 16:22:24,459 - masks - DEBUG: Маска номера счета: **0074
2024-10-29 16:22:24,459 - masks - INFO: Маска номера счета сгенерирована успешно
2024-10-29 16:22:24,459 - masks - DEBUG: Получен номер счета
2024-10-29 16:22:24,459 - masks - DEBUG: Маска номера счета: **2181
2024-10-29 16:22:24,459 - masks - INFO: Маска номера счета сгенерирована успешно
2024-10-29 16:22:24,459 - masks - DEBUG: Получен номер карты
2024-10-29 16:22:24,459 - masks - DEBUG: Маска номера карты: 0395 91** **** 1825
2024-10-29 16:22:24,459 - masks - INFO: Маска номера карты сгенерирована успешно
2024-10-29 16:22:24,459 - masks - DEBUG: Получен номер карты
2024-10-29 16:22:24,459 - masks - DEBUG: Маска номера карты: 8409 50** **** 4737
2024-10-29 16:22:24,459 - masks - INFO: Маска номера карты сгенерирована успешно
2024-10-29 16:22:24,459 - masks - DEBUG: Получен номер карты
2024-10-29 16:22:24,459 - masks - DEBUG: Маска номера карты: 6842 17** **** 3597
2024-10-29 16:22:24,459 - masks - INFO: Маска номера карты сгенерирована успешно
2024-10-29 16:22:24,459 - masks - DEBUG: Получен номер карты
2024-10-29 16:22:24,459 - masks - DEBUG: Маска номера карты: 0471 28** **** 8463
2024-10-29 16:22:24,459 - masks - INFO: Маска номера карты сгенерирована успешно
2024-10-29 16:22:24,459 - masks - DEBUG: Получен номер счета
2024-10-29 16:22:24,459 - masks - DEBUG: Маска номера счета: **5669
2024-10-29 16:22:24,459 - masks - INFO: Маска номера счета сгенерирована успешно
2024-10-29 16:22:24,459 - masks - DEBUG: Получен номер счета
2024-10-29 16:22:24,459 - masks - DEBUG: Маска номера счета: **4813
2024-10-29 16:22:24,459 - masks - INFO: Маска номера счета сгенерирована успешно
2024-10-29 16:22:24,459 - masks - DEBUG: Получен номер карты
2024-10-29 16:22:24,459 - masks - DEBUG: Маска номера карты: 2631 80** **** 6824
2024-10-29 16:22:24,459 - masks - INFO: Маска номера карты сгенерирована успешно
2024-10-29 16:22:24,459 - masks - DEBUG: Получен номер карты
2024-10-29 16:22:24,459 - masks - DEBUG: Маска номера карты: 8284 43** **** 8235
2024-10-29 16:22:24,459 - masks - INFO: Маска номера карты сгенерирована успешно
2024-10-29 16:22:24,459 - masks - DEBUG: Получен номер карты
2024-10-29 16:22:24,459 - masks - DEBUG: Маска номера карты: 7758 08** **** 1346
2024-10-29 16:22:24,459 - masks - INFO: Маска номера карты сгенерирована успешно
2024-10-29 16:22:24,459 - masks - DEBUG: Получен номер карты
2024-10-29 16:22:24,459 - masks - DEBUG: Маска номера карты: 2810 56** **** 1616
2024-10-29 16:22:24,459 - masks - INFO: Маска номера карты сгенерирована успешно
2024-10-29 16:22:24,459 - masks - DEBUG: Получен номер карты
2024-10-29 16:22:24,459 - masks - DEBUG: Маска номера карты: 8831 03** **** 4724
2024-10-29 16:22:24,459 - masks - INFO: Маска номера карты сгенерирована успешно
2024-10-29 16:22:24,459 - masks - DEBUG: Получен номер карты
2024-10-29 16:22:24,459 - masks - DEBUG: Маска номера карты: 1466 17** **** 0293
2024-10-29 16:22:24,459 - masks - INFO: Маска номера карты сгенерирована успешно
2024-10-29 16:22:24,459 - masks - DEBUG: Получен номер карты
2024-10-29 16:22:24,459 - masks - DEBUG: Маска номера карты: 0045 19** **** 8164
2024-10-29 16:22:24,459 - masks - INFO: Маска номера карты сгенерирована успешно
2024-10-29 16:22:24,459 - masks - DEBUG: Получен номер счета
2024-10-29 16:22:24,459 - masks - DEBUG: Маска номера счета: **5703
2024-10-29 16:22:24,459 - masks - INFO: Маска номера счета сгенерирована успешно
2024-10-29 16:22:24,459 - masks - DEBUG: Получен номер карты
2024-10-29 16:22:24,459 - masks - DEBUG: Маска номера карты: 2479 86** **** 0340
2024-10-29 16:22:24,459 - masks - INFO: Маска номера карты сгенерирована успешно
2024-10-29 16:22:24,459 - masks - DEBUG: Получен номер карты
2024-10-29 16:22:24,459 - masks - DEBUG: Маска номера карты: 0893 22** **** 3409
2024-10-29 16:22:24,459 - masks - INFO: Маска номера карты сгенерирована успешно
2024-10-29 16:22:24,459 - masks - DEBUG: Получен номер счета
2024-10-29 16:22:24,459 - masks - DEBUG: Маска номера счета: **0159
2024-10-29 16:22:24,459 - masks - INFO: Маска номера счета сгенерирована успешно
2024-10-29 16:22:24,459 - masks - DEBUG: Получен номер счета
2024-10-29 16:22:24,459 - masks - DEBUG: Маска номера счета: **6794
2024-10-29 16:22:24,459 - masks - INFO: Маска номера счета сгенерирована успешно
2024-10-29 16:22:24,459 - masks - DEBUG: Получен номер карты
2024-10-29 16:22:24,459 - masks - DEBUG: Маска номера карты: 4728 45** **** 6434
2024-10-29 16:22:24,459 - masks - INFO: Маска номера карты сгенерирована успешно
2024-10-29 16:22:24,459 - masks - DEBUG: Получен номер карты
2024-10-29 16:22:24,459 - masks - DEBUG: Маска номера карты: 6640 25** **** 4358
2024-10-29 16:22:24,459 - masks - INFO: Маска номера карты сгенерирована успешно
2024-10-29 16:22:24,459 - masks - DEBUG: Получен номер карты
2024-10-29 16:22:24,459 - masks - DEBUG: Маска номера карты: 9174 97** **** 6639
2024-10-29 16:22:24,459 - masks - INFO: Маска номера карты сгенерирована успешно
2024-10-29 16:22:24,459 - masks - DEBUG: Получен номер счета
2024-10-29 16:22:24,459 - masks - DEBUG: Маска номера счета: **5733
2024-10-29 16:22:24,459 - masks - INFO: Маска номера счета сгенерирована успешно
2024-10-29 16:22:24,459 - masks - DEBUG: Получен номер карты
2024-10-29 16:22:24,459 - masks - DEBUG: Маска номера карты: 8455 44** **** 7314
2024-10-29 16:22:24,459 - masks - INFO: Маска номера карты сгенерирована успешно
2024-10-29 16:22:24,459 - masks - DEBUG: Получен номер счета
2024-10-29 16:22:24,459 - masks - DEBUG: Маска номера счета: **3739
2024-10-29 16:22:24,459 - masks - INFO: Маска номера счета сгенерирована успешно
2024-10-29 16:22:24,459 - masks - DEBUG: Получен номер счета
2024-10-29 16:22:24,459 - masks - DEBUG: Маска номера счета: **6320
2024-10-29 16:22:24,459 - masks - INFO: Маска номера счета сгенерирована успешно
2024-10-29 16:22:24,459 - masks - DEBUG: Получен номер счета
2024-10-29 16:22:24,459 - masks - DEBUG: Маска номера счета: **3206
2024-10-29 16:22:24,459 - masks - INFO: Маска номера счета сгенерирована успешно
2024-10-29 16:22:24,459 - masks - DEBUG: Получен номер счета
2024-10-29 16:22:24,459 - masks - DEBUG: Маска номера счета: **9656
2024-10-29 16:22:24,459 - masks - INFO: Маска номера счета сгенерирована успешно
2024-10-29 16:22:24,459 - masks - DEBUG: Получен номер счета
2024-10-29 16:22:24,459 - masks - DEBUG: Маска номера счета: **9248
2024-10-29 16:22:24,459 - masks - INFO: Маска номера счета сгенерирована успешно
2024-10-29 16:22:24,459 - masks - DEBUG: Получен номер карты
2024-10-29 16:22:24,459 - masks - DEBUG: Маска номера карты: 6020 27** **** 6293
2024-10-29 16:22:24,459 - masks - INFO: Маска номера карты сгенерирована успешно
2024-10-29 16:22:24,459 - masks - DEBUG: Получен номер карты
2024-10-29 16:22:24,459 - masks - DEBUG: Маска номера карты: 4261 80** **** 0055
2024-10-29 16:22:24,459 - masks - INFO: Маска номера карты сгенерирована успешно
2024-10-29 16:22:24,459 - masks - DEBUG: Получен номер карты
2024-10-29 16:22:24,459 - masks - DEBUG: Маска номера карты: 7477 35** **** 3378
2024-10-29 16:22:24,459 - masks - INFO: Маска номера карты сгенерирована успешно
2024-10-29 16:22:24,459 - masks - DEBUG: Получен номер карты
2024-10-29 16:22:24,459 - masks - DEBUG: Маска номера карты: 1402 36** **** 5615
2024-10-29 16:22:24,459 - masks - INFO: Маска номера карты сгенерирована успешно
2024-10-29 16:22:24,459 - masks - DEBUG: Получен номер карты
2024-10-29 16:22:24,459 - masks - DEBUG: Маска номера карты: 5028 92** **** 7690
2024-10-29 16:22:24,459 - masks - INFO: Маска номера карты сгенерирована успешно
2024-10-29 16:22:24,459 - masks - DEBUG: Получен номер карты
2024-10-29 16:22:24,459 - masks - DEBUG: Маска номера карты: 6091 54** **** 9316
2024-10-29 16:22:24,459 - masks - INFO: Маска номера карты сгенерирована успешно
2024-10-29 16:22:24,459 - masks - DEBUG: Получен номер карты
2024-10-29 16:22:24,459 - masks - DEBUG: Маска номера карты: 8817 38** **** 2795
2024-10-29 16:22:24,459 - masks - INFO: Маска номера карты сгенерирована успешно
2024-10-29 16:22:24,459 - masks - DEBUG: Получен номер карты
2024-10-29 16:22:24,459 - masks - DEBUG: Маска номера карты: 3942 17** **** 6690
2024-10-29 16:22:24,459 - masks - INFO: Маска номера карты сгенерирована успешно
2024-10-29 16:22:24,459 - masks - DEBUG: Получен номер карты
2024-10-29 16:22:24,459 - masks - DEBUG: Маска номера карты: 3372 62** **** 9548
2024-10-29 16:22:24,459 - masks - INFO: Маска номера карты сгенерирована успешно
2024-10-29 16:22:24,459 - masks - DEBUG: Получен номер карты
2024-10-29 16:22:24,459 - masks - DEBUG: Маска номера карты: 9450 03** **** 8655
2024-10-29 16:22:24,459 - masks - INFO: Маска номера карты сгенерирована успешно
2024-10-29 16:22:24,459 - masks - DEBUG: Получен номер карты
2024-10-29 16:22:24,459 - masks - DEBUG: Маска номера карты: 0217 91** **** 1483
2024-10-29 16:22:24,459 - masks - INFO: Маска номера карты сгенерирована успешно
2024-10-29 16:22:24,459 - masks - DEBUG: Получен номер карты
2024-10-29 16:22:24,459 - masks - DEBUG: Маска номера карты: 4418 67** **** 4161
2024-10-29 16:22:24,459 - masks - INFO: Маска номера карты сгенерирована успешно
2024-10-29 16:22:24,459 - masks - DEBUG: Получен номер карты
2024-10-29 16:22:24,459 - masks - DEBUG: Маска номера карты: 7925 41** **** 7415
2024-10-29 16:22:24,459 - masks - INFO: Маска номера карты сгенерирована успешно
2024-10-29 16:22:24,459 - masks - DEBUG: Получен номер карты
2024-10-29 16:22:24,459 - masks - DEBUG: Маска номера карты: 3248 98** **** 9126
2024-10-29 16:22:24,459 - masks - INFO: Маска номера карты сгенерирована успешно
2024-10-29 16:22:24,459 - masks - DEBUG: Получен номер счета
2024-10-29 16:22:24,459 - masks - DEBUG: Маска номера счета: **3867
2024-10-29 16:22:24,459 - masks - INFO: Маска номера счета сгенерирована успешно
2024-10-29 16:22:24,459 - masks - DEBUG: Получен номер счета
2024-10-29 16:22:24,459 - masks - DEBUG: Маска номера счета: **0571
2024-10-29 16:22:24,459 - masks - INFO: Маска номера счета сгенерирована успешно
2024-10-29 16:22:24,459 - masks - DEBUG: Получен номер карты
2024-10-29 16:22:24,459 - masks - DEBUG: Маска номера карты: 1765 50** **** 5906
2024-10-29 16:22:24,459 - masks - INFO: Маска номера карты сгенерирована успешно
2024-10-29 16:22:24,459 - masks - DEBUG: Получен номер карты
2024-10-29 16:22:24,459 - masks - DEBUG: Маска номера карты: 2511 19** **** 6040
2024-10-29 16:22:24,459 - masks - INFO: Маска номера карты сгенерирована успешно
2024-10-29 16:22:24,459 - masks - DEBUG: Получен номер счета
2024-10-29 16:22:24,459 - masks - DEBUG: Маска номера счета: **3319
2024-10-29 16:22:24,459 - masks - INFO: Маска номера счета сгенерирована успешно
2024-10-29 16:22:24,459 - masks - DEBUG: Получен номер счета
2024-10-29 16:22:24,459 - masks - DEBUG: Маска номера счета: **2541
2024-10-29 16:22:24,459 - masks - INFO: Маска номера счета сгенерирована успешно
2024-10-29 16:22:24,459 - masks - DEBUG: Получен номер карты
2024-10-29 16:22:24,459 - masks - DEBUG: Маска номера карты: 6732 43** **** 8393
2024-10-29 16:22:24,459 - masks - INFO: Маска номера карты сгенерирована успешно
2024-10-29 16:22:24,459 - masks - DEBUG: Получен номер карты
2024-10-29 16:22:24,459 - masks - DEBUG: Маска номера карты: 8593 75** **** 2455
2024-10-29 16:22:24,459 - masks - INFO: Маска номера карты сгенерирована успешно
2024-10-29 16:22:24,459 - masks - DEBUG: Получен номер карты
2024-10-29 16:22:24,459 - masks - DEBUG: Маска номера карты: 7108 77** **** 2369
2024-10-29 16:22:24,459 - masks - INFO: Маска номера карты сгенерирована успешно
2024-10-29 16:22:24,459 - masks - DEBUG: Получен номер карты
2024-10-29 16:22:24,459 - masks - DEBUG: Маска номера карты: 3197 63** **** 7698
2024-10-29 16:22:24,459 - masks - INFO: Маска номера карты сгенерирована успешно
2024-10-29 16:22:24,459 - masks - DEBUG: Получен номер карты
2024-10-29 16:22:24,459 - masks - DEBUG: Маска номера карты: 1822 46** **** 7712
2024-10-29 16:22:24,459 - masks - INFO: Маска номера карты сгенерирована успешно
2024-10-29 16:22:24,459 - masks - DEBUG: Получен номер счета
2024-10-29 16:22:24,459 - masks - DEBUG: Маска номера счета: **7630
2024-10-29 16:22:24,459 - masks - INFO: Маска номера счета сгенерирована успешно
2024-10-29 16:22:24,459 - masks - DEBUG: Получен номер счета
2024-10-29 16:22:24,459 - masks - DEBUG: Маска номера счета: **4880
2024-10-29 16:22:24,459 - masks - INFO: Маска номера счета сгенерирована успешно
2024-10-29 16:22:24,459 - masks - DEBUG: Получен номер счета
2024-10-29 16:22:24,459 - masks - DEBUG: Маска номера счета: **0605
2024-10-29 16:22:24,459 - masks - INFO: Маска номера счета сгенерирована успешно
2024-10-29 16:22:24,459 - masks - DEBUG: Получен номер счета
2024-10-29 16:22:24,459 - masks - DEBUG: Маска номера счета: **8232
2024-10-29 16:22:24,459 - masks - INFO: Маска номера счета сгенерирована успешно
2024-10-29 16:22:24,459 - masks - DEBUG: Получен номер счета
2024-10-29 16:22:24,459 - masks - DEBUG: Маска номера счета: **0243
2024-10-29 16:22:24,459 - masks - INFO: Маска номера счета сгенерирована успешно
2024-10-29 16:22:24,459 - masks - DEBUG: Получен номер карты
2024-10-29 16:22:24,459 - masks - DEBUG: Маска номера карты: 5399 19** **** 0641
2024-10-29 16:22:24,459 - masks - INFO: Маска номера карты сгенерирована успешно
2024-10-29 16:22:24,459 - masks - DEBUG: Получен номер карты
2024-10-29 16:22:24,459 - masks - DEBUG: Маска номера карты: 5416 07** **** 6578
2024-10-29 16:22:24,459 - masks - INFO: Маска номера карты сгенерирована успешно
2024-10-29 16:22:24,459 - masks - DEBUG: Получен номер карты
2024-10-29 16:22:24,459 - masks - DEBUG: Маска номера карты: 2918 29** **** 9750
2024-10-29 16:22:24,459 - masks - INFO: Маска номера карты сгенерирована успешно
2024-10-29 16:22:24,459 - masks - DEBUG: Получен номер карты
2024-10-29 16:22:24,459 - masks - DEBUG: Маска номера карты: 0533 90** **** 4511
2024-10-29 16:22:24,459 - masks - INFO: Маска номера карты сгенерирована успешно
2024-10-29 16:22:24,459 - masks - DEBUG: Получен номер карты
2024-10-29 16:22:24,459 - masks - DEBUG: Маска номера карты: 1691 24** **** 1408
2024-10-29 16:22:24,459 - masks - INFO: Маска номера карты сгенерирована успешно
2024-10-29 16:22:24,459 - masks - DEBUG: Получен номер карты
2024-10-29 16:22:24,459 - masks - DEBUG: Маска номера карты: 8151 04** **** 5830
2024-10-29 16:22:24,459 - masks - INFO: Маска номера карты сгенерирована успешно
2024-10-29 16:22:24,459 - masks - DEBUG: Получен номер карты
2024-10-29 16:22:24,459 - masks - DEBUG: Маска номера карты: 0889 90** **** 3287
2024-10-29 16:22:24,459 - masks - INFO: Маска номера карты сгенерирована успешно
2024-10-29 16:22:24,459 - masks - DEBUG: Получен номер карты
2024-10-29 16:22:24,459 - masks - DEBUG: Маска номера карты: 2716 58** **** 0897
2024-10-29 16:22:24,459 - masks - INFO: Маска номера карты сгенерирована успешно
2024-10-29 16:22:24,459 - masks - DEBUG: Получен номер карты
2024-10-29 16:22:24,459 - masks - DEBUG: Маска номера карты: 1478 54** **** 1717
2024-10-29 16:22:24,459 - masks - INFO: Маска номера карты сгенерирована успешно
2024-10-29 16:22:24,459 - masks - DEBUG: Получен номер карты
2024-10-29 16:22:24,459 - masks - DEBUG: Маска номера карты: 3473 83** **** 9304
2024-10-29 16:22:24,459 - masks - INFO: Маска номера карты сгенерирована успешно
2024-10-29 16:22:24,459 - masks - DEBUG: Получен номер карты
2024-10-29 16:22:24,459 - masks - DEBUG: Маска номера карты: 2116 42** **** 1997
2024-10-29 16:22:24,459 - masks - INFO: Маска номера карты сгенерирована успешно
2024-10-29 16:22:24,459 - masks - DEBUG: Получен номер карты
2024-10-29 16:22:24,459 - masks - DEBUG: Маска номера карты: 8012 98** **** 6841
2024-10-29 16:22:24,459 - masks - INFO: Маска номера карты сгенерирована успешно
2024-10-29 16:22:24,459 - masks - DEBUG: Получен номер счета
2024-10-29 16:22:24,459 - masks - DEBUG: Маска номера счета: **1192
2024-10-29 16:22:24,459 - masks - INFO: Маска номера счета сгенерирована успешно
2024-10-29 16:22:24,459 - masks - DEBUG: Получен номер счета
2024-10-29 16:22:24,459 - masks - DEBUG: Маска номера счета: **9517
2024-10-29 16:22:24,459 - masks - INFO: Маска номера счета сгенерирована успешно
2024-10-29 16:22:24,459 - masks - DEBUG: Получен номер карты
2024-10-29 16:22:24,459 - masks - DEBUG: Маска номера карты: 6574 69** **** 9422
2024-10-29 16:22:24,459 - masks - INFO: Маска номера карты сгенерирована успешно
2024-10-29 16:22:24,459 - masks - DEBUG: Получен номер карты
2024-10-29 16:22:24,459 - masks - DEBUG: Маска номера карты: 4659 40** **** 8758
2024-10-29 16:22:24,459 - masks - INFO: Маска номера карты сгенерирована успешно
2024-10-29 16:22:24,459 - masks - DEBUG: Получен номер карты
2024-10-29 16:22:24,459 - masks - DEBUG: Маска номера карты: 1840 18** **** 8502
2024-10-29 16:22:24,459 - masks - INFO: Маска номера карты сгенерирована успешно
2024-10-29 16:22:24,459 - masks - DEBUG: Получен номер карты
2024-10-29 16:22:24,459 - masks - DEBUG: Маска номера карты: 5713 74** **** 4549
2024-10-29 16:22:24,459 - masks - INFO: Маска номера карты сгенерирована успешно
2024-10-29 16:22:24,459 - masks - DEBUG: Получен номер карты
2024-10-29 16:22:24,459 - masks - DEBUG: Маска номера карты: 9774 01** **** 6735
2024-10-29 16:22:24,459 - masks - INFO: Маска номера карты сгенерирована успешно
2024-10-29 16:22:24,459 - masks - DEBUG: Получен номер карты
2024-10-29 16:22:24,459 - masks - DEBUG: Маска номера карты: 4051 03** **** 1986
2024-10-29 16:22:24,459 - masks - INFO: Маска номера карты сгенерирована успешно
2024-10-29 16:22:24,459 - masks - DEBUG: Получен номер карты
2024-10-29 16:22:24,459 - masks - DEBUG: Маска номера карты: 7666 68** **** 7609
2024-10-29 16:22:24,459 - masks - INFO: Маска номера карты сгенерирована успешно
2024-10-29 16:22:24,459 - masks - DEBUG: Получен номер счета
2024-10-29 16:22:24,459 - masks - DEBUG: Маска номера счета: **1008
2024-10-29 16:22:24,459 - masks - INFO: Маска номера счета сгенерирована успешно
2024-10-29 16:22:24,459 - masks - DEBUG: Получен номер карты
2024-10-29 16:22:24,459 - masks - DEBUG: Маска номера карты: 6498 22** **** 8443
2024-10-29 16:22:24,459 - masks - INFO: Маска номера карты сгенерирована успешно
2024-10-29 16:22:24,459 - masks - DEBUG: Получен номер карты
2024-10-29 16:22:24,459 - masks - DEBUG: Маска номера карты: 2516 51** **** 0980
2024-10-29 16:22:24,459 - masks - INFO: Маска номера карты сгенерирована успешно
2024-10-29 16:22:24,459 - masks - DEBUG: Получен номер счета
2024-10-29 16:22:24,459 - masks - DEBUG: Маска номера счета: **6340
2024-10-29 16:22:24,459 - masks - INFO: Маска номера счета сгенерирована успешно
2024-10-29 16:22:24,459 - masks - DEBUG: Получен номер счета
2024-10-29 16:22:24,459 - masks - DEBUG: Маска номера счета: **9176
2024-10-29 16:22:24,459 - masks - INFO: Маска номера счета сгенерирована успешно
2024-10-29 16:22:24,459 - masks - DEBUG: Получен номер карты
2024-10-29 16:22:24,459 - masks - DEBUG: Маска номера карты: 5527 83** **** 1154
2024-10-29 16:22:24,459 - masks - INFO: Маска номера карты сгенерирована успешно
2024-10-29 16:22:24,459 - masks - DEBUG: Получен номер карты
2024-10-29 16:22:24,459 - masks - DEBUG: Маска номера карты: 3094 48** **** 5524
2024-10-29 16:22:24,459 - masks - INFO: Маска номера карты сгенерирована успешно
2024-10-29 16:22:24,459 - masks - DEBUG: Получен номер счета
2024-10-29 16:22:24,459 - masks - DEBUG: Маска номера счета: **0826
2024-10-29 16:22:24,459 - masks - INFO: Маска номера счета сгенерирована успешно
2024-10-29 16:22:24,459 - masks - DEBUG: Получен номер счета
2024-10-29 16:22:24,459 - masks - DEBUG: Маска номера счета: **3570
2024-10-29 16:22:24,459 - masks - INFO: Маска номера счета сгенерирована успешно
2024-10-29 16:22:24,459 - masks - DEBUG: Получен номер карты
2024-10-29 16:22:24,459 - masks - DEBUG: Маска номера карты: 5886 40** **** 7722
2024-10-29 16:22:24,459 - masks - INFO: Маска номера карты сгенерирована успешно
2024-10-29 16:22:24,459 - masks - DEBUG: Получен номер счета
2024-10-29 16:22:24,459 - masks - DEBUG: Маска номера счета: **4899
2024-10-29 16:22:24,459 - masks - INFO: Маска номера счета сгенерирована успешно
2024-10-29 16:22:24,459 - masks - DEBUG: Получен номер карты
2024-10-29 16:22:24,459 - masks - DEBUG: Маска номера карты: 0243 31** **** 9446
2024-10-29 16:22:24,459 - masks - INFO: Маска номера карты сгенерирована успешно
2024-10-29 16:22:24,459 - masks - DEBUG: Получен номер карты
2024-10-29 16:22:24,459 - masks - DEBUG: Маска номера карты: 0833 88** **** 6128
2024-10-29 16:22:24,459 - masks - INFO: Маска номера карты сгенерирована успешно
2024-10-29 16:22:24,459 - masks - DEBUG: Получен номер карты
2024-10-29 16:22:24,475 - masks - DEBUG: Маска номера карты: 0877 30** **** 3700
2024-10-29 16:22:24,475 - masks - INFO: Маска номера карты сгенерирована успешно
2024-10-29 16:22:24,475 - masks - DEBUG: Получен номер карты
2024-10-29 16:22:24,475 - masks - DEBUG: Маска номера карты: 9503 99** **** 1150
2024-10-29 16:22:24,475 - masks - INFO: Маска номера карты сгенерирована успешно
2024-10-29 16:22:24,475 - masks - DEBUG: Получен номер счета
2024-10-29 16:22:24,475 - masks - DEBUG: Маска номера счета: **1836
2024-10-29 16:22:24,475 - masks - INFO: Маска номера счета сгенерирована успешно
2024-10-29 16:22:24,475 - masks - DEBUG: Получен номер счета
2024-10-29 16:22:24,475 - masks - DEBUG: Маска номера счета: **2441
2024-10-29 16:22:24,475 - masks - INFO: Маска номера счета сгенерирована успешно
2024-10-29 16:22:24,475 - masks - DEBUG: Получен номер карты
2024-10-29 16:22:24,475 - masks - DEBUG: Маска номера карты: 9752 59** **** 2260
2024-10-29 16:22:24,475 - masks - INFO: Маска номера карты сгенерирована успешно
2024-10-29 16:22:24,475 - masks - DEBUG: Получен номер карты
2024-10-29 16:22:24,475 - masks - DEBUG: Маска номера карты: 3313 27** **** 2070
2024-10-29 16:22:24,475 - masks - INFO: Маска номера карты сгенерирована успешно
2024-10-29 16:22:24,475 - masks - DEBUG: Получен номер карты
2024-10-29 16:22:24,475 - masks - DEBUG: Маска номера карты: 0724 10** **** 7922
2024-10-29 16:22:24,475 - masks - INFO: Маска номера карты сгенерирована успешно
2024-10-29 16:22:24,475 - masks - DEBUG: Получен номер карты
2024-10-29 16:22:24,475 - masks - DEBUG: Маска номера карты: 8461 25** **** 7490
2024-10-29 16:22:24,475 - masks - INFO: Маска номера карты сгенерирована успешно
2024-10-29 16:22:24,475 - masks - DEBUG: Получен номер карты
2024-10-29 16:22:24,475 - masks - DEBUG: Маска номера карты: 2384 93** **** 8279
2024-10-29 16:22:24,475 - masks - INFO: Маска номера карты сгенерирована успешно
2024-10-29 16:22:24,475 - masks - DEBUG: Получен номер карты
2024-10-29 16:22:24,475 - masks - DEBUG: Маска номера карты: 7842 87** **** 0961
2024-10-29 16:22:24,475 - masks - INFO: Маска номера карты сгенерирована успешно
2024-10-29 16:22:24,475 - masks - DEBUG: Получен номер карты
2024-10-29 16:22:24,475 - masks - DEBUG: Маска номера карты: 6107 74** **** 1265
2024-10-29 16:22:24,475 - masks - INFO: Маска номера карты сгенерирована успешно
2024-10-29 16:22:24,475 - masks - DEBUG: Получен номер карты
2024-10-29 16:22:24,475 - masks - DEBUG: Маска номера карты: 6224 82** **** 4997
2024-10-29 16:22:24,475 - masks - INFO: Маска номера карты сгенерирована успешно
2024-10-29 16:22:24,475 - masks - DEBUG: Получен номер карты
2024-10-29 16:22:24,475 - masks - DEBUG: Маска номера карты: 2805 60** **** 2180
2024-10-29 16:22:24,475 - masks - INFO: Маска номера карты сгенерирована успешно
2024-10-29 16:22:24,475 - masks - DEBUG: Получен номер карты
2024-10-29 16:22:24,475 - masks - DEBUG: Маска номера карты: 6533 07** **** 1069
2024-10-29 16:22:24,475 - masks - INFO: Маска номера карты сгенерирована успешно
2024-10-29 16:22:24,475 - masks - DEBUG: Получен номер карты
2024-10-29 16:22:24,475 - masks - DEBUG: Маска номера карты: 8685 71** **** 4966
2024-10-29 16:22:24,475 - masks - INFO: Маска номера карты сгенерирована успешно
2024-10-29 16:22:24,475 - masks - DEBUG: Получен номер карты
2024-10-29 16:22:24,475 - masks - DEBUG: Маска номера карты: 2144 39** **** 9953
2024-10-29 16:22:24,475 - masks - INFO: Маска номера карты сгенерирована успешно
2024-10-29 16:22:24,475 - masks - DEBUG: Получен номер карты
2024-10-29 16:22:24,475 - masks - DEBUG: Маска номера карты: 9925 01** **** 6440
2024-10-29 16:22:24,475 - masks - INFO: Маска номера карты сгенерирована успешно
2024-10-29 16:22:24,475 - masks - DEBUG: Получен номер счета
2024-10-29 16:22:24,475 - masks - DEBUG: Маска номера счета: **5198
2024-10-29 16:22:24,475 - masks - INFO: Маска номера счета сгенерирована успешно
2024-10-29 16:22:24,475 - masks - DEBUG: Получен номер счета
2024-10-29 16:22:24,475 - masks - DEBUG: Маска номера счета: **9396
2024-10-29 16:22:24,475 - masks - INFO: Маска номера счета сгенерирована успешно
2024-10-29 16:22:24,475 - masks - DEBUG: Получен номер счета
2024-10-29 16:22:24,475 - masks - DEBUG: Маска номера счета: **9775
2024-10-29 16:22:24,475 - masks - INFO: Маска номера счета сгенерирована успешно
2024-10-29 16:22:24,475 - masks - DEBUG: Получен номер карты
2024-10-29 16:22:24,475 - masks - DEBUG: Маска номера карты: 6824 61** **** 4616
2024-10-29 16:22:24,475 - masks - INFO: Маска номера карты сгенерирована успешно
2024-10-29 16:22:24,475 - masks - DEBUG: Получен номер карты
2024-10-29 16:22:24,475 - masks - DEBUG: Маска номера карты: 9272 85** **** 7436
2024-10-29 16:22:24,475 - masks - INFO: Маска номера карты сгенерирована успешно
2024-10-29 16:22:24,475 - masks - DEBUG: Получен номер карты
2024-10-29 16:22:24,475 - masks - DEBUG: Маска номера карты: 9807 32** **** 1485
2024-10-29 16:22:24,475 - masks - INFO: Маска номера карты сгенерирована успешно
2024-10-29 16:22:24,475 - masks - DEBUG: Получен номер карты
2024-10-29 16:22:24,475 - masks - DEBUG: Маска номера карты: 0299 08** **** 0284
2024-10-29 16:22:24,475 - masks - INFO: Маска номера карты сгенерирована успешно
2024-10-29 16:22:24,475 - masks - DEBUG: Получен номер карты
2024-10-29 16:22:24,475 - masks - DEBUG: Маска номера карты: 0794 95** **** 7529
2024-10-29 16:22:24,475 - masks - INFO: Маска номера карты сгенерирована успешно
2024-10-29 16:22:24,475 - masks - DEBUG: Получен номер счета
2024-10-29 16:22:24,475 - masks - DEBUG: Маска номера счета: **8573
2024-10-29 16:22:24,475 - masks - INFO: Маска номера счета сгенерирована успешно
2024-10-29 16:22:24,475 - masks - DEBUG: Получен номер карты
2024-10-29 16:22:24,475 - masks - DEBUG: Маска номера карты: 1555 23** **** 0134
2024-10-29 16:22:24,475 - masks - INFO: Маска номера карты сгенерирована успешно
2024-10-29 16:22:24,475 - masks - DEBUG: Получен номер карты
2024-10-29 16:22:24,475 - masks - DEBUG: Маска номера карты: 6216 60** **** 1670
2024-10-29 16:22:24,475 - masks - INFO: Маска номера карты сгенерирована успешно
2024-10-29 16:22:24,475 - masks - DEBUG: Получен номер счета
2024-10-29 16:22:24,475 - masks - DEBUG: Маска номера счета: **2521
2024-10-29 16:22:24,475 - masks - INFO: Маска номера счета сгенерирована успешно
2024-10-29 16:22:24,475 - masks - DEBUG: Получен номер счета
2024-10-29 16:22:24,475 - masks - DEBUG: Маска номера счета: **9447
2024-10-29 16:22:24,475 - masks - INFO: Маска номера счета сгенерирована успешно
2024-10-29 16:22:24,475 - masks - DEBUG: Получен номер карты
2024-10-29 16:22:24,475 - masks - DEBUG: Маска номера карты: 3958 84** **** 0306
2024-10-29 16:22:24,475 - masks - INFO: Маска номера карты сгенерирована успешно
2024-10-29 16:22:24,475 - masks - DEBUG: Получен номер карты
2024-10-29 16:22:24,475 - masks - DEBUG: Маска номера карты: 2571 46** **** 5167
2024-10-29 16:22:24,475 - masks - INFO: Маска номера карты сгенерирована успешно
2024-10-29 16:22:24,475 - masks - DEBUG: Получен номер карты
2024-10-29 16:22:24,475 - masks - DEBUG: Маска номера карты: 5602 17** **** 3567
2024-10-29 16:22:24,475 - masks - INFO: Маска номера карты сгенерирована успешно
2024-10-29 16:22:24,475 - masks - DEBUG: Получен номер карты
2024-10-29 16:22:24,475 - masks - DEBUG: Маска номера карты: 8900 74** **** 0212
2024-10-29 16:22:24,475 - masks - INFO: Маска номера карты сгенерирована успешно
2024-10-29 16:22:24,475 - masks - DEBUG: Получен номер карты
2024-10-29 16:22:24,475 - masks - DEBUG: Маска номера карты: 3509 08** **** 5139
2024-10-29 16:22:24,475 - masks - INFO: Маска номера карты сгенерирована успешно
2024-10-29 16:22:24,475 - masks - DEBUG: Получен номер счета
2024-10-29 16:22:24,475 - masks - DEBUG: Маска номера счета: **6285
2024-10-29 16:22:24,475 - masks - INFO: Маска номера счета сгенерирована успешно
2024-10-29 16:22:24,475 - masks - DEBUG: Получен номер счета
2024-10-29 16:22:24,475 - masks - DEBUG: Маска номера счета: **5653
2024-10-29 16:22:24,475 - masks - INFO: Маска номера счета сгенерирована успешно
2024-10-29 16:22:24,475 - masks - DEBUG: Получен номер счета
2024-10-29 16:22:24,475 - masks - DEBUG: Маска номера счета: **2186
2024-10-29 16:22:24,475 - masks - INFO: Маска номера счета сгенерирована успешно
2024-10-29 16:22:24,475 - masks - DEBUG: Получен номер карты
2024-10-29 16:22:24,475 - masks - DEBUG: Маска номера карты: 7682 30** **** 6873
2024-10-29 16:22:24,475 - masks - INFO: Маска номера карты сгенерирована успешно
2024-10-29 16:22:24,475 - masks - DEBUG: Получен номер карты
2024-10-29 16:22:24,475 - masks - DEBUG: Маска номера карты: 3106 55** **** 0278
2024-10-29 16:22:24,475 - masks - INFO: Маска номера карты сгенерирована успешно
2024-10-29 16:22:24,475 - masks - DEBUG: Получен номер карты
2024-10-29 16:22:24,475 - masks - DEBUG: Маска номера карты: 2136 04** **** 0126
2024-10-29 16:22:24,475 - masks - INFO: Маска номера карты сгенерирована успешно
2024-10-29 16:22:24,475 - masks - DEBUG: Получен номер карты
2024-10-29 16:22:24,475 - masks - DEBUG: Маска номера карты: 7042 40** **** 2416
2024-10-29 16:22:24,475 - masks - INFO: Маска номера карты сгенерирована успешно
2024-10-29 16:22:24,475 - masks - DEBUG: Получен номер карты
2024-10-29 16:22:24,475 - masks - DEBUG: Маска номера карты: 5211 43** **** 0134
2024-10-29 16:22:24,475 - masks - INFO: Маска номера карты сгенерирована успешно
2024-10-29 16:22:24,475 - masks - DEBUG: Получен номер карты
2024-10-29 16:22:24,475 - masks - DEBUG: Маска номера карты: 8316 29** **** 7409
2024-10-29 16:22:24,475 - masks - INFO: Маска номера карты сгенерирована успешно
2024-10-29 16:22:24,475 - masks - DEBUG: Получен номер карты
2024-10-29 16:22:24,475 - masks - DEBUG: Маска номера карты: 5363 38** **** 9079
2024-10-29 16:22:24,475 - masks - INFO: Маска номера карты сгенерирована успешно
2024-10-29 16:22:24,475 - masks - DEBUG: Получен номер карты
2024-10-29 16:22:24,475 - masks - DEBUG: Маска номера карты: 3479 30** **** 3302
2024-10-29 16:22:24,475 - masks - INFO: Маска номера карты сгенерирована успешно
2024-10-29 16:22:24,475 - masks - DEBUG: Получен номер карты
2024-10-29 16:22:24,475 - masks - DEBUG: Маска номера карты: 2005 67** **** 6293
2024-10-29 16:22:24,475 - masks - INFO: Маска номера карты сгенерирована успешно
2024-10-29 16:22:24,475 - masks - DEBUG: Получен номер карты
2024-10-29 16:22:24,475 - masks - DEBUG: Маска номера карты: 1840 80** **** 5690
2024-10-29 16:22:24,475 - masks - INFO: Маска номера карты сгенерирована успешно
2024-10-29 16:22:24,475 - masks - DEBUG: Получен номер карты
2024-10-29 16:22:24,475 - masks - DEBUG: Маска номера карты: 6132 60** **** 9441
2024-10-29 16:22:24,475 - masks - INFO: Маска номера карты сгенерирована успешно
2024-10-29 16:22:24,475 - masks - DEBUG: Получен номер карты
2024-10-29 16:22:24,475 - masks - DEBUG: Маска номера карты: 3682 14** **** 2457
2024-10-29 16:22:24,475 - masks - INFO: Маска номера карты сгенерирована успешно
2024-10-29 16:22:24,475 - masks - DEBUG: Получен номер счета
2024-10-29 16:22:24,475 - masks - DEBUG: Маска номера счета: **2217
2024-10-29 16:22:24,475 - masks - INFO: Маска номера счета сгенерирована успешно
2024-10-29 16:22:24,475 - masks - DEBUG: Получен номер счета
2024-10-29 16:22:24,475 - masks - DEBUG: Маска номера счета: **4968
2024-10-29 16:22:24,475 - masks - INFO: Маска номера счета сгенерирована успешно
2024-10-29 16:22:24,475 - masks - DEBUG: Получен номер карты
2024-10-29 16:22:24,475 - masks - DEBUG: Маска номера карты: 7873 56** **** 9216
2024-10-29 16:22:24,475 - masks - INFO: Маска номера карты сгенерирована успешно
2024-10-29 16:22:24,475 - masks - DEBUG: Получен номер карты
2024-10-29 16:22:24,475 - masks - DEBUG: Маска номера карты: 6216 06** **** 9289
2024-10-29 16:22:24,475 - masks - INFO: Маска номера карты сгенерирована успешно
2024-10-29 16:22:24,475 - masks - DEBUG: Получен номер карты
2024-10-29 16:22:24,475 - masks - DEBUG: Маска номера карты: 0881 83** **** 5629
2024-10-29 16:22:24,475 - masks - INFO: Маска номера карты сгенерирована успешно
2024-10-29 16:22:24,475 - masks - DEBUG: Получен номер карты
2024-10-29 16:22:24,475 - masks - DEBUG: Маска номера карты: 8878 43** **** 4916
2024-10-29 16:22:24,475 - masks - INFO: Маска номера карты сгенерирована успешно
2024-10-29 16:22:24,475 - masks - DEBUG: Получен номер карты
2024-10-29 16:22:24,475 - masks - DEBUG: Маска номера карты: 9323 36** **** 2557
2024-10-29 16:22:24,475 - masks - INFO: Маска номера карты сгенерирована успешно
2024-10-29 16:22:24,475 - masks - DEBUG: Получен номер карты
2024-10-29 16:22:24,475 - masks - DEBUG: Маска номера карты: 8550 74** **** 1719
2024-10-29 16:22:24,475 - masks - INFO: Маска номера карты сгенерирована успешно
2024-10-29 16:22:24,475 - masks - DEBUG: Получен номер карты
2024-10-29 16:22:24,475 - masks - DEBUG: Маска номера карты: 7043 14** **** 5225
2024-10-29 16:22:24,475 - masks - INFO: Маска номера карты сгенерирована успешно
2024-10-29 16:22:24,475 - masks - DEBUG: Получен номер карты
2024-10-29 16:22:24,475 - masks - DEBUG: Маска номера карты: 8612 25** **** 9277
2024-10-29 16:22:24,475 - masks - INFO: Маска номера карты сгенерирована успешно
2024-10-29 16:22:24,475 - masks - DEBUG: Получен номер карты
2024-10-29 16:22:24,475 - masks - DEBUG: Маска номера карты: 7725 50** **** 1579
2024-10-29 16:22:24,475 - masks - INFO: Маска номера карты сгенерирована успешно
2024-10-29 16:22:24,475 - masks - DEBUG: Получен номер карты
2024-10-29 16:22:24,475 - masks - DEBUG: Маска номера карты: 8189 48** **** 3162
2024-10-29 16:22:24,475 - masks - INFO: Маска номера карты сгенерирована успешно
2024-10-29 16:22:24,475 - masks - DEBUG: Получен номер карты
2024-10-29 16:22:24,475 - masks - DEBUG: Маска номера карты: 2069 25** **** 9252
2024-10-29 16:22:24,475 - masks - INFO: Маска номера карты сгенерирована успешно
2024-10-29 16:22:24,475 - masks - DEBUG: Получен номер карты
2024-10-29 16:22:24,475 - masks - DEBUG: Маска номера карты: 0280 21** **** 9957
2024-10-29 16:22:24,475 - masks - INFO: Маска номера карты сгенерирована успешно
2024-10-29 16:22:24,475 - masks - DEBUG: Получен номер карты
2024-10-29 16:22:24,475 - masks - DEBUG: Маска номера карты: 8135 22** **** 6501
2024-10-29 16:22:24,475 - masks - INFO: Маска номера карты сгенерирована успешно
2024-10-29 16:22:24,475 - masks - DEBUG: Получен номер карты
2024-10-29 16:22:24,475 - masks - DEBUG: Маска номера карты: 8519 33** **** 7891
2024-10-29 16:22:24,475 - masks - INFO: Маска номера карты сгенерирована успешно
2024-10-29 16:22:24,475 - masks - DEBUG: Получен номер карты
2024-10-29 16:22:24,475 - masks - DEBUG: Маска номера карты: 9094 55** **** 5191
2024-10-29 16:22:24,475 - masks - INFO: Маска номера карты сгенерирована успешно
2024-10-29 16:22:24,475 - masks - DEBUG: Получен номер карты
2024-10-29 16:22:24,475 - masks - DEBUG: Маска номера карты: 0219 80** **** 0764
2024-10-29 16:22:24,475 - masks - INFO: Маска номера карты сгенерирована успешно
2024-10-29 16:22:24,475 - masks - DEBUG: Получен номер счета
2024-10-29 16:22:24,475 - masks - DEBUG: Маска номера счета: **8657
2024-10-29 16:22:24,475 - masks - INFO: Маска номера счета сгенерирована успешно
2024-10-29 16:22:24,475 - masks - DEBUG: Получен номер счета
2024-10-29 16:22:24,475 - masks - DEBUG: Маска номера счета: **9046
2024-10-29 16:22:24,475 - masks - INFO: Маска номера счета сгенерирована успешно
2024-10-29 16:22:24,475 - masks - DEBUG: Получен номер карты
2024-10-29 16:22:24,475 - masks - DEBUG: Маска номера карты: 9455 11** **** 7544
2024-10-29 16:22:24,475 - masks - INFO: Маска номера карты сгенерирована успешно
2024-10-29 16:22:24,475 - masks - DEBUG: Получен номер карты
2024-10-29 16:22:24,475 - masks - DEBUG: Маска номера карты: 1174 67** **** 9819
2024-10-29 16:22:24,475 - masks - INFO: Маска номера карты сгенерирована успешно
2024-10-29 16:22:24,475 - masks - DEBUG: Получен номер карты
2024-10-29 16:22:24,475 - masks - DEBUG: Маска номера карты: 1332 35** **** 2152
2024-10-29 16:22:24,475 - masks - INFO: Маска номера карты сгенерирована успешно
2024-10-29 16:22:24,475 - masks - DEBUG: Получен номер карты
2024-10-29 16:22:24,475 - masks - DEBUG: Маска номера карты: 5220 31** **** 4765
2024-10-29 16:22:24,475 - masks - INFO: Маска номера карты сгенерирована успешно
2024-10-29 16:22:24,475 - masks - DEBUG: Получен номер счета
2024-10-29 16:22:24,475 - masks - DEBUG: Маска номера счета: **1726
2024-10-29 16:22:24,475 - masks - INFO: Маска номера счета сгенерирована успешно
2024-10-29 16:22:24,475 - masks - DEBUG: Получен номер счета
2024-10-29 16:22:24,475 - masks - DEBUG: Маска номера счета: **9835
2024-10-29 16:22:24,475 - masks - INFO: Маска номера счета сгенерирована успешно
2024-10-29 16:22:24,475 - masks - DEBUG: Получен номер карты
2024-10-29 16:22:24,475 - masks - DEBUG: Маска номера карты: 9413 11** **** 1772
2024-10-29 16:22:24,475 - masks - INFO: Маска номера карты сгенерирована успешно
2024-10-29 16:22:24,475 - masks - DEBUG: Получен номер счета
2024-10-29 16:22:24,475 - masks - DEBUG: Маска номера счета: **3754
2024-10-29 16:22:24,475 - masks - INFO: Маска номера счета сгенерирована успешно
2024-10-29 16:22:24,475 - masks - DEBUG: Получен номер карты
2024-10-29 16:22:24,475 - masks - DEBUG: Маска номера карты: 7966 41** **** 1451
2024-10-29 16:22:24,475 - masks - INFO: Маска номера карты сгенерирована успешно
2024-10-29 16:22:24,475 - masks - DEBUG: Получен номер карты
2024-10-29 16:22:24,475 - masks - DEBUG: Маска номера карты: 9890 88** **** 4254
2024-10-29 16:22:24,475 - masks - INFO: Маска номера карты сгенерирована успешно
2024-10-29 16:22:24,475 - masks - DEBUG: Получен номер карты
2024-10-29 16:22:24,475 - masks - DEBUG: Маска номера карты: 8188 44** **** 1996
2024-10-29 16:22:24,475 - masks - INFO: Маска номера карты сгенерирована успешно
2024-10-29 16:22:24,475 - masks - DEBUG: Получен номер карты
2024-10-29 16:22:24,475 - masks - DEBUG: Маска номера карты: 1532 50** **** 5769
2024-10-29 16:22:24,475 - masks - INFO: Маска номера карты сгенерирована успешно
2024-10-29 16:22:24,475 - masks - DEBUG: Получен номер карты
2024-10-29 16:22:24,475 - masks - DEBUG: Маска номера карты: 8747 16** **** 8946
2024-10-29 16:22:24,475 - masks - INFO: Маска номера карты сгенерирована успешно
2024-10-29 16:22:24,475 - masks - DEBUG: Получен номер карты
2024-10-29 16:22:24,475 - masks - DEBUG: Маска номера карты: 4433 70** **** 7192
2024-10-29 16:22:24,475 - masks - INFO: Маска номера карты сгенерирована успешно
2024-10-29 16:22:24,475 - masks - DEBUG: Получен номер карты
2024-10-29 16:22:24,475 - masks - DEBUG: Маска номера карты: 6160 43** **** 1739
2024-10-29 16:22:24,475 - masks - INFO: Маска номера карты сгенерирована успешно
2024-10-29 16:22:24,475 - masks - DEBUG: Получен номер карты
2024-10-29 16:22:24,475 - masks - DEBUG: Маска номера карты: 8699 75** **** 1458
2024-10-29 16:22:24,475 - masks - INFO: Маска номера карты сгенерирована успешно
2024-10-29 16:22:24,475 - masks - DEBUG: Получен номер карты
2024-10-29 16:22:24,475 - masks - DEBUG: Маска номера карты: 4855 08** **** 3296
2024-10-29 16:22:24,475 - masks - INFO: Маска номера карты сгенерирована успешно
2024-10-29 16:22:24,475 - masks - DEBUG: Получен номер счета
2024-10-29 16:22:24,475 - masks - DEBUG: Маска номера счета: **8239
2024-10-29 16:22:24,475 - masks - INFO: Маска номера счета сгенерирована успешно
2024-10-29 16:22:24,475 - masks - DEBUG: Получен номер карты
2024-10-29 16:22:24,475 - masks - DEBUG: Маска номера карты: 3974 80** **** 4022
2024-10-29 16:22:24,475 - masks - INFO: Маска номера карты сгенерирована успешно
2024-10-29 16:22:24,475 - masks - DEBUG: Получен номер карты
2024-10-29 16:22:24,475 - masks - DEBUG: Маска номера карты: 7286 07** **** 0056
2024-10-29 16:22:24,475 - masks - INFO: Маска номера карты сгенерирована успешно
2024-10-29 16:22:24,475 - masks - DEBUG: Получен номер карты
2024-10-29 16:22:24,475 - masks - DEBUG: Маска номера карты: 3678 90** **** 3029
2024-10-29 16:22:24,475 - masks - INFO: Маска номера карты сгенерирована успешно
2024-10-29 16:22:24,475 - masks - DEBUG: Получен номер карты
2024-10-29 16:22:24,475 - masks - DEBUG: Маска номера карты: 2372 27** **** 0651
2024-10-29 16:22:24,475 - masks - INFO: Маска номера карты сгенерирована успешно
2024-10-29 16:22:24,475 - masks - DEBUG: Получен номер счета
2024-10-29 16:22:24,475 - masks - DEBUG: Маска номера счета: **1423
2024-10-29 16:22:24,475 - masks - INFO: Маска номера счета сгенерирована успешно
2024-10-29 16:22:24,475 - masks - DEBUG: Получен номер счета
2024-10-29 16:22:24,475 - masks - DEBUG: Маска номера счета: **2934
2024-10-29 16:22:24,475 - masks - INFO: Маска номера счета сгенерирована успешно
2024-10-29 16:22:24,475 - masks - DEBUG: Получен номер карты
2024-10-29 16:22:24,475 - masks - DEBUG: Маска номера карты: 7790 76** **** 7026
2024-10-29 16:22:24,475 - masks - INFO: Маска номера карты сгенерирована успешно
2024-10-29 16:22:24,475 - masks - DEBUG: Получен номер карты
2024-10-29 16:22:24,475 - masks - DEBUG: Маска номера карты: 3102 32** **** 3941
2024-10-29 16:22:24,475 - masks - INFO: Маска номера карты сгенерирована успешно
2024-10-29 16:22:24,475 - masks - DEBUG: Получен номер карты
2024-10-29 16:22:24,475 - masks - DEBUG: Маска номера карты: 4452 08** **** 3327
2024-10-29 16:22:24,475 - masks - INFO: Маска номера карты сгенерирована успешно
2024-10-29 16:22:24,475 - masks - DEBUG: Получен номер счета
2024-10-29 16:22:24,475 - masks - DEBUG: Маска номера счета: **5009
2024-10-29 16:22:24,475 - masks - INFO: Маска номера счета сгенерирована успешно
2024-10-29 16:22:24,475 - masks - DEBUG: Получен номер счета
2024-10-29 16:22:24,475 - masks - DEBUG: Маска номера счета: **1352
2024-10-29 16:22:24,475 - masks - INFO: Маска номера счета сгенерирована успешно
2024-10-29 16:22:24,475 - masks - DEBUG: Получен номер счета
2024-10-29 16:22:24,475 - masks - DEBUG: Маска номера счета: **9991
2024-10-29 16:22:24,475 - masks - INFO: Маска номера счета сгенерирована успешно
2024-10-29 16:22:24,475 - masks - DEBUG: Получен номер карты
2024-10-29 16:22:24,475 - masks - DEBUG: Маска номера карты: 8768 99** **** 7498
2024-10-29 16:22:24,475 - masks - INFO: Маска номера карты сгенерирована успешно
2024-10-29 16:22:24,475 - masks - DEBUG: Получен номер карты
2024-10-29 16:22:24,475 - masks - DEBUG: Маска номера карты: 7059 13** **** 1251
2024-10-29 16:22:24,475 - masks - INFO: Маска номера карты сгенерирована успешно
2024-10-29 16:22:24,475 - masks - DEBUG: Получен номер карты
2024-10-29 16:22:24,475 - masks - DEBUG: Маска номера карты: 4045 13** **** 1262
2024-10-29 16:22:24,475 - masks - INFO: Маска номера карты сгенерирована успешно
2024-10-29 16:22:24,475 - masks - DEBUG: Получен номер карты
2024-10-29 16:22:24,475 - masks - DEBUG: Маска номера карты: 2093 80** **** 6818
2024-10-29 16:22:24,475 - masks - INFO: Маска номера карты сгенерирована успешно
2024-10-29 16:22:24,475 - masks - DEBUG: Получен номер карты
2024-10-29 16:22:24,475 - masks - DEBUG: Маска номера карты: 5633 14** **** 4160
2024-10-29 16:22:24,475 - masks - INFO: Маска номера карты сгенерирована успешно
2024-10-29 16:22:24,475 - masks - DEBUG: Получен номер карты
2024-10-29 16:22:24,475 - masks - DEBUG: Маска номера карты: 2510 62** **** 5947
2024-10-29 16:22:24,475 - masks - INFO: Маска номера карты сгенерирована успешно
2024-10-29 16:22:24,475 - masks - DEBUG: Получен номер карты
2024-10-29 16:22:24,475 - masks - DEBUG: Маска номера карты: 0767 52** **** 6493
2024-10-29 16:22:24,475 - masks - INFO: Маска номера карты сгенерирована успешно
2024-10-29 16:22:24,475 - masks - DEBUG: Получен номер счета
2024-10-29 16:22:24,475 - masks - DEBUG: Маска номера счета: **6509
2024-10-29 16:22:24,475 - masks - INFO: Маска номера счета сгенерирована успешно
2024-10-29 16:22:24,475 - masks - DEBUG: Получен номер карты
2024-10-29 16:22:24,475 - masks - DEBUG: Маска номера карты: 5657 69** **** 9647
2024-10-29 16:22:24,475 - masks - INFO: Маска номера карты сгенерирована успешно
2024-10-29 16:22:24,475 - masks - DEBUG: Получен номер счета
2024-10-29 16:22:24,475 - masks - DEBUG: Маска номера счета: **3972
2024-10-29 16:22:24,475 - masks - INFO: Маска номера счета сгенерирована успешно
2024-10-29 16:22:24,475 - masks - DEBUG: Получен номер карты
2024-10-29 16:22:24,475 - masks - DEBUG: Маска номера карты: 6474 28** **** 7502
2024-10-29 16:22:24,475 - masks - INFO: Маска номера карты сгенерирована успешно
2024-10-29 16:22:24,475 - masks - DEBUG: Получен номер карты
2024-10-29 16:22:24,475 - masks - DEBUG: Маска номера карты: 8491 95** **** 5838
2024-10-29 16:22:24,475 - masks - INFO: Маска номера карты сгенерирована успешно
2024-10-29 16:22:24,475 - masks - DEBUG: Получен номер карты
2024-10-29 16:22:24,475 - masks - DEBUG: Маска номера карты: 8437 14** **** 3076
2024-10-29 16:22:24,475 - masks - INFO: Маска номера карты сгенерирована успешно
2024-10-29 16:22:24,475 - masks - DEBUG: Получен номер карты
2024-10-29 16:22:24,475 - masks - DEBUG: Маска номера карты: 5093 86** **** 0233
2024-10-29 16:22:24,475 - masks - INFO: Маска номера карты сгенерирована успешно
2024-10-29 16:22:24,475 - masks - DEBUG: Получен номер счета
2024-10-29 16:22:24,475 - masks - DEBUG: Маска номера счета: **5565
2024-10-29 16:22:24,475 - masks - INFO: Маска номера счета сгенерирована успешно
2024-10-29 16:22:24,475 - masks - DEBUG: Получен номер счета
2024-10-29 16:22:24,475 - masks - DEBUG: Маска номера счета: **6532
2024-10-29 16:22:24,475 - masks - INFO: Маска номера счета сгенерирована успешно
2024-10-29 16:22:24,475 - masks - DEBUG: Получен номер карты
2024-10-29 16:22:24,475 - masks - DEBUG: Маска номера карты: 4357 43** **** 1652
2024-10-29 16:22:24,475 - masks - INFO: Маска номера карты сгенерирована успешно
2024-10-29 16:22:24,475 - masks - DEBUG: Получен номер карты
2024-10-29 16:22:24,475 - masks - DEBUG: Маска номера карты: 3980 14** **** 5441
2024-10-29 16:22:24,475 - masks - INFO: Маска номера карты сгенерирована успешно
2024-10-29 16:22:24,475 - masks - DEBUG: Получен номер карты
2024-10-29 16:22:24,475 - masks - DEBUG: Маска номера карты: 3917 14** **** 7975
2024-10-29 16:22:24,475 - masks - INFO: Маска номера карты сгенерирована успешно
2024-10-29 16:22:24,475 - masks - DEBUG: Получен номер счета
2024-10-29 16:22:24,475 - masks - DEBUG: Маска номера счета: **9704
2024-10-29 16:22:24,475 - masks - INFO: Маска номера счета сгенерирована успешно
2024-10-29 16:22:24,475 - masks - DEBUG: Получен номер карты
2024-10-29 16:22:24,475 - masks - DEBUG: Маска номера карты: 5622 32** **** 1018
2024-10-29 16:22:24,475 - masks - INFO: Маска номера карты сгенерирована успешно
2024-10-29 16:22:24,475 - masks - DEBUG: Получен номер карты
2024-10-29 16:22:24,475 - masks - DEBUG: Маска номера карты: 9646 72** **** 7424
2024-10-29 16:22:24,475 - masks - INFO: Маска номера карты сгенерирована успешно
2024-10-29 16:22:24,475 - masks - DEBUG: Получен номер карты
2024-10-29 16:22:24,475 - masks - DEBUG: Маска номера карты: 2161 73** **** 9647
2024-10-29 16:22:24,475 - masks - INFO: Маска номера карты сгенерирована успешно
2024-10-29 16:22:24,475 - masks - DEBUG: Получен номер карты
2024-10-29 16:22:24,475 - masks - DEBUG: Маска номера карты: 3710 53** **** 3808
2024-10-29 16:22:24,475 - masks - INFO: Маска номера карты сгенерирована успешно
2024-10-29 16:22:24,475 - masks - DEBUG: Получен номер карты
2024-10-29 16:22:24,475 - masks - DEBUG: Маска номера карты: 4987 98** **** 2591
2024-10-29 16:22:24,475 - masks - INFO: Маска номера карты сгенерирована успешно
2024-10-29 16:22:24,475 - masks - DEBUG: Получен номер карты
2024-10-29 16:22:24,475 - masks - DEBUG: Маска номера карты: 4571 05** **** 1541
2024-10-29 16:22:24,475 - masks - INFO: Маска номера карты сгенерирована успешно
2024-10-29 16:22:24,475 - masks - DEBUG: Получен номер карты
2024-10-29 16:22:24,475 - masks - DEBUG: Маска номера карты: 5698 30** **** 4732
2024-10-29 16:22:24,475 - masks - INFO: Маска номера карты сгенерирована успешно
2024-10-29 16:22:24,475 - masks - DEBUG: Получен номер карты
2024-10-29 16:22:24,475 - masks - DEBUG: Маска номера карты: 4993 49** **** 9158
2024-10-29 16:22:24,475 - masks - INFO: Маска номера карты сгенерирована успешно
2024-10-29 16:22:24,475 - masks - DEBUG: Получен номер счета
2024-10-29 16:22:24,475 - masks - DEBUG: Маска номера счета: **8369
2024-10-29 16:22:24,475 - masks - INFO: Маска номера счета сгенерирована успешно
2024-10-29 16:22:24,475 - masks - DEBUG: Получен номер счета
2024-10-29 16:22:24,475 - masks - DEBUG: Маска номера счета: **6997
2024-10-29 16:22:24,475 - masks - INFO: Маска номера счета сгенерирована успешно
2024-10-29 16:22:24,475 - masks - DEBUG: Получен номер карты
2024-10-29 16:22:24,475 - masks - DEBUG: Маска номера карты: 6878 15** **** 1457
2024-10-29 16:22:24,475 - masks - INFO: Маска номера карты сгенерирована успешно
2024-10-29 16:22:24,475 - masks - DEBUG: Получен номер счета
2024-10-29 16:22:24,475 - masks - DEBUG: Маска номера счета: **3368
2024-10-29 16:22:24,475 - masks - INFO: Маска номера счета сгенерирована успешно
2024-10-29 16:22:24,475 - masks - DEBUG: Получен номер счета
2024-10-29 16:22:24,475 - masks - DEBUG: Маска номера счета: **4450
2024-10-29 16:22:24,475 - masks - INFO: Маска номера счета сгенерирована успешно
2024-10-29 16:22:24,475 - masks - DEBUG: Получен номер счета
2024-10-29 16:22:24,475 - masks - DEBUG: Маска номера счета: **4886
2024-10-29 16:22:24,475 - masks - INFO: Маска номера счета сгенерирована успешно
2024-10-29 16:22:24,475 - masks - DEBUG: Получен номер карты
2024-10-29 16:22:24,475 - masks - DEBUG: Маска номера карты: 2480 36** **** 4462
2024-10-29 16:22:24,475 - masks - INFO: Маска номера карты сгенерирована успешно
2024-10-29 16:22:24,475 - masks - DEBUG: Получен номер карты
2024-10-29 16:22:24,475 - masks - DEBUG: Маска номера карты: 4521 07** **** 7930
2024-10-29 16:22:24,475 - masks - INFO: Маска номера карты сгенерирована успешно
2024-10-29 16:22:24,490 - masks - DEBUG: Получен номер карты
2024-10-29 16:22:24,490 - masks - DEBUG: Маска номера карты: 1620 67** **** 2386
2024-10-29 16:22:24,490 - masks - INFO: Маска номера карты сгенерирована успешно
2024-10-29 16:22:24,490 - masks - DEBUG: Получен номер карты
2024-10-29 16:22:24,490 - masks - DEBUG: Маска номера карты: 3537 62** **** 3996
2024-10-29 16:22:24,490 - masks - INFO: Маска номера карты сгенерирована успешно
2024-10-29 16:22:24,490 - masks - DEBUG: Получен номер карты
2024-10-29 16:22:24,490 - masks - DEBUG: Маска номера карты: 4598 67** **** 6978
2024-10-29 16:22:24,490 - masks - INFO: Маска номера карты сгенерирована успешно
2024-10-29 16:22:24,490 - masks - DEBUG: Получен номер карты
2024-10-29 16:22:24,490 - masks - DEBUG: Маска номера карты: 6432 51** **** 4085
2024-10-29 16:22:24,490 - masks - INFO: Маска номера карты сгенерирована успешно
2024-10-29 16:22:24,490 - masks - DEBUG: Получен номер карты
2024-10-29 16:22:24,490 - masks - DEBUG: Маска номера карты: 2962 47** **** 7210
2024-10-29 16:22:24,490 - masks - INFO: Маска номера карты сгенерирована успешно
2024-10-29 16:22:24,490 - masks - DEBUG: Получен номер карты
2024-10-29 16:22:24,490 - masks - DEBUG: Маска номера карты: 8006 83** **** 4434
2024-10-29 16:22:24,490 - masks - INFO: Маска номера карты сгенерирована успешно
2024-10-29 16:22:24,490 - masks - DEBUG: Получен номер карты
2024-10-29 16:22:24,490 - masks - DEBUG: Маска номера карты: 6357 71** **** 0211
2024-10-29 16:22:24,490 - masks - INFO: Маска номера карты сгенерирована успешно
2024-10-29 16:22:24,490 - masks - DEBUG: Получен номер карты
2024-10-29 16:22:24,490 - masks - DEBUG: Маска номера карты: 7853 44** **** 2448
2024-10-29 16:22:24,490 - masks - INFO: Маска номера карты сгенерирована успешно
2024-10-29 16:22:24,490 - masks - DEBUG: Получен номер карты
2024-10-29 16:22:24,490 - masks - DEBUG: Маска номера карты: 1389 14** **** 4760
2024-10-29 16:22:24,490 - masks - INFO: Маска номера карты сгенерирована успешно
2024-10-29 16:22:24,490 - masks - DEBUG: Получен номер карты
2024-10-29 16:22:24,490 - masks - DEBUG: Маска номера карты: 0622 15** **** 8283
2024-10-29 16:22:24,490 - masks - INFO: Маска номера карты сгенерирована успешно
2024-10-29 16:22:24,490 - masks - DEBUG: Получен номер карты
2024-10-29 16:22:24,490 - masks - DEBUG: Маска номера карты: 7722 61** **** 6977
2024-10-29 16:22:24,490 - masks - INFO: Маска номера карты сгенерирована успешно
2024-10-29 16:22:24,490 - masks - DEBUG: Получен номер карты
2024-10-29 16:22:24,490 - masks - DEBUG: Маска номера карты: 0419 27** **** 8259
2024-10-29 16:22:24,490 - masks - INFO: Маска номера карты сгенерирована успешно
2024-10-29 16:22:24,490 - masks - DEBUG: Получен номер карты
2024-10-29 16:22:24,490 - masks - DEBUG: Маска номера карты: 7835 86** **** 4631
2024-10-29 16:22:24,490 - masks - INFO: Маска номера карты сгенерирована успешно
2024-10-29 16:22:24,490 - masks - DEBUG: Получен номер карты
2024-10-29 16:22:24,490 - masks - DEBUG: Маска номера карты: 0263 12** **** 0414
2024-10-29 16:22:24,490 - masks - INFO: Маска номера карты сгенерирована успешно
2024-10-29 16:22:24,490 - masks - DEBUG: Получен номер карты
2024-10-29 16:22:24,490 - masks - DEBUG: Маска номера карты: 6338 89** **** 9095
2024-10-29 16:22:24,490 - masks - INFO: Маска номера карты сгенерирована успешно
2024-10-29 16:22:24,490 - masks - DEBUG: Получен номер карты
2024-10-29 16:22:24,490 - masks - DEBUG: Маска номера карты: 2097 67** **** 0439
2024-10-29 16:22:24,490 - masks - INFO: Маска номера карты сгенерирована успешно
2024-10-29 16:22:24,490 - masks - DEBUG: Получен номер карты
2024-10-29 16:22:24,490 - masks - DEBUG: Маска номера карты: 7066 37** **** 0699
2024-10-29 16:22:24,490 - masks - INFO: Маска номера карты сгенерирована успешно
2024-10-29 16:22:24,490 - masks - DEBUG: Получен номер карты
2024-10-29 16:22:24,490 - masks - DEBUG: Маска номера карты: 8834 71** **** 1373
2024-10-29 16:22:24,490 - masks - INFO: Маска номера карты сгенерирована успешно
2024-10-29 16:22:24,490 - masks - DEBUG: Получен номер карты
2024-10-29 16:22:24,490 - masks - DEBUG: Маска номера карты: 7979 99** **** 5962
2024-10-29 16:22:24,490 - masks - INFO: Маска номера карты сгенерирована успешно
2024-10-29 16:22:24,490 - masks - DEBUG: Получен номер карты
2024-10-29 16:22:24,490 - masks - DEBUG: Маска номера карты: 6467 72** **** 6273
2024-10-29 16:22:24,490 - masks - INFO: Маска номера карты сгенерирована успешно
2024-10-29 16:22:24,490 - masks - DEBUG: Получен номер карты
2024-10-29 16:22:24,490 - masks - DEBUG: Маска номера карты: 0001 58** **** 3571
2024-10-29 16:22:24,490 - masks - INFO: Маска номера карты сгенерирована успешно
2024-10-29 16:22:24,490 - masks - DEBUG: Получен номер счета
2024-10-29 16:22:24,490 - masks - DEBUG: Маска номера счета: **7161
2024-10-29 16:22:24,490 - masks - INFO: Маска номера счета сгенерирована успешно
2024-10-29 16:22:24,490 - masks - DEBUG: Получен номер карты
2024-10-29 16:22:24,490 - masks - DEBUG: Маска номера карты: 7657 17** **** 6531
2024-10-29 16:22:24,490 - masks - INFO: Маска номера карты сгенерирована успешно
2024-10-29 16:22:24,490 - masks - DEBUG: Получен номер карты
2024-10-29 16:22:24,490 - masks - DEBUG: Маска номера карты: 5442 62** **** 8510
2024-10-29 16:22:24,490 - masks - INFO: Маска номера карты сгенерирована успешно
2024-10-29 16:22:24,490 - masks - DEBUG: Получен номер счета
2024-10-29 16:22:24,490 - masks - DEBUG: Маска номера счета: **6699
2024-10-29 16:22:24,490 - masks - INFO: Маска номера счета сгенерирована успешно
2024-10-29 16:22:24,490 - masks - DEBUG: Получен номер счета
2024-10-29 16:22:24,490 - masks - DEBUG: Маска номера счета: **8511
2024-10-29 16:22:24,490 - masks - INFO: Маска номера счета сгенерирована успешно
2024-10-29 16:22:24,490 - masks - DEBUG: Получен номер карты
2024-10-29 16:22:24,490 - masks - DEBUG: Маска номера карты: 2430 55** **** 9883
2024-10-29 16:22:24,490 - masks - INFO: Маска номера карты сгенерирована успешно
2024-10-29 16:22:24,490 - masks - DEBUG: Получен номер карты
2024-10-29 16:22:24,490 - masks - DEBUG: Маска номера карты: 4073 86** **** 1578
2024-10-29 16:22:24,490 - masks - INFO: Маска номера карты сгенерирована успешно
2024-10-29 16:22:24,490 - masks - DEBUG: Получен номер карты
2024-10-29 16:22:24,490 - masks - DEBUG: Маска номера карты: 8059 09** **** 8858
2024-10-29 16:22:24,490 - masks - INFO: Маска номера карты сгенерирована успешно
2024-10-29 16:22:24,490 - masks - DEBUG: Получен номер карты
2024-10-29 16:22:24,490 - masks - DEBUG: Маска номера карты: 3178 46** **** 6806
2024-10-29 16:22:24,490 - masks - INFO: Маска номера карты сгенерирована успешно
2024-10-29 16:22:24,490 - masks - DEBUG: Получен номер карты
2024-10-29 16:22:24,490 - masks - DEBUG: Маска номера карты: 7657 60** **** 4147
2024-10-29 16:22:24,490 - masks - INFO: Маска номера карты сгенерирована успешно
2024-10-29 16:22:24,490 - masks - DEBUG: Получен номер карты
2024-10-29 16:22:24,490 - masks - DEBUG: Маска номера карты: 9077 38** **** 4512
2024-10-29 16:22:24,490 - masks - INFO: Маска номера карты сгенерирована успешно
2024-10-29 16:22:24,490 - masks - DEBUG: Получен номер карты
2024-10-29 16:22:24,490 - masks - DEBUG: Маска номера карты: 8020 27** **** 0564
2024-10-29 16:22:24,490 - masks - INFO: Маска номера карты сгенерирована успешно
2024-10-29 16:22:24,490 - masks - DEBUG: Получен номер счета
2024-10-29 16:22:24,490 - masks - DEBUG: Маска номера счета: **6510
2024-10-29 16:22:24,490 - masks - INFO: Маска номера счета сгенерирована успешно
2024-10-29 16:22:24,490 - masks - DEBUG: Получен номер карты
2024-10-29 16:22:24,490 - masks - DEBUG: Маска номера карты: 5488 72** **** 3190
2024-10-29 16:22:24,490 - masks - INFO: Маска номера карты сгенерирована успешно
2024-10-29 16:22:24,490 - masks - DEBUG: Получен номер счета
2024-10-29 16:22:24,490 - masks - DEBUG: Маска номера счета: **7269
2024-10-29 16:22:24,490 - masks - INFO: Маска номера счета сгенерирована успешно
2024-10-29 16:22:24,490 - masks - DEBUG: Получен номер карты
2024-10-29 16:22:24,490 - masks - DEBUG: Маска номера карты: 2339 38** **** 7632
2024-10-29 16:22:24,490 - masks - INFO: Маска номера карты сгенерирована успешно
2024-10-29 16:22:24,490 - masks - DEBUG: Получен номер карты
2024-10-29 16:22:24,490 - masks - DEBUG: Маска номера карты: 2088 67** **** 9433
2024-10-29 16:22:24,490 - masks - INFO: Маска номера карты сгенерирована успешно
2024-10-29 16:22:24,490 - masks - DEBUG: Получен номер карты
2024-10-29 16:22:24,490 - masks - DEBUG: Маска номера карты: 2032 55** **** 0407
2024-10-29 16:22:24,490 - masks - INFO: Маска номера карты сгенерирована успешно
2024-10-29 16:22:24,490 - masks - DEBUG: Получен номер карты
2024-10-29 16:22:24,490 - masks - DEBUG: Маска номера карты: 2809 85** **** 1413
2024-10-29 16:22:24,490 - masks - INFO: Маска номера карты сгенерирована успешно
2024-10-29 16:22:24,490 - masks - DEBUG: Получен номер счета
2024-10-29 16:22:24,490 - masks - DEBUG: Маска номера счета: **4017
2024-10-29 16:22:24,490 - masks - INFO: Маска номера счета сгенерирована успешно
2024-10-29 16:22:24,490 - masks - DEBUG: Получен номер счета
2024-10-29 16:22:24,490 - masks - DEBUG: Маска номера счета: **3547
2024-10-29 16:22:24,490 - masks - INFO: Маска номера счета сгенерирована успешно
2024-10-29 16:22:24,490 - masks - DEBUG: Получен номер счета
2024-10-29 16:22:24,490 - masks - DEBUG: Маска номера счета: **4950
2024-10-29 16:22:24,490 - masks - INFO: Маска номера счета сгенерирована успешно
2024-10-29 16:22:24,490 - masks - DEBUG: Получен номер счета
2024-10-29 16:22:24,490 - masks - DEBUG: Маска номера счета: **0218
2024-10-29 16:22:24,490 - masks - INFO: Маска номера счета сгенерирована успешно
2024-10-29 16:22:24,490 - masks - DEBUG: Получен номер карты
2024-10-29 16:22:24,490 - masks - DEBUG: Маска номера карты: 8315 36** **** 7553
2024-10-29 16:22:24,490 - masks - INFO: Маска номера карты сгенерирована успешно
2024-10-29 16:22:24,490 - masks - DEBUG: Получен номер карты
2024-10-29 16:22:24,490 - masks - DEBUG: Маска номера карты: 5029 38** **** 7300
2024-10-29 16:22:24,490 - masks - INFO: Маска номера карты сгенерирована успешно
2024-10-29 16:22:24,490 - masks - DEBUG: Получен номер карты
2024-10-29 16:22:24,490 - masks - DEBUG: Маска номера карты: 3921 78** **** 5936
2024-10-29 16:22:24,490 - masks - INFO: Маска номера карты сгенерирована успешно
2024-10-29 16:22:24,490 - masks - DEBUG: Получен номер карты
2024-10-29 16:22:24,490 - masks - DEBUG: Маска номера карты: 6327 76** **** 8676
2024-10-29 16:22:24,490 - masks - INFO: Маска номера карты сгенерирована успешно
2024-10-29 16:22:24,490 - masks - DEBUG: Получен номер карты
2024-10-29 16:22:24,490 - masks - DEBUG: Маска номера карты: 8319 94** **** 1984
2024-10-29 16:22:24,490 - masks - INFO: Маска номера карты сгенерирована успешно
2024-10-29 16:22:24,490 - masks - DEBUG: Получен номер счета
2024-10-29 16:22:24,490 - masks - DEBUG: Маска номера счета: **1295
2024-10-29 16:22:24,490 - masks - INFO: Маска номера счета сгенерирована успешно
2024-10-29 16:22:24,490 - masks - DEBUG: Получен номер карты
2024-10-29 16:22:24,490 - masks - DEBUG: Маска номера карты: 3723 52** **** 9611
2024-10-29 16:22:24,490 - masks - INFO: Маска номера карты сгенерирована успешно
2024-10-29 16:22:24,490 - masks - DEBUG: Получен номер карты
2024-10-29 16:22:24,490 - masks - DEBUG: Маска номера карты: 4201 11** **** 1655
2024-10-29 16:22:24,490 - masks - INFO: Маска номера карты сгенерирована успешно
2024-10-29 16:22:24,490 - masks - DEBUG: Получен номер карты
2024-10-29 16:22:24,490 - masks - DEBUG: Маска номера карты: 2291 93** **** 9832
2024-10-29 16:22:24,490 - masks - INFO: Маска номера карты сгенерирована успешно
2024-10-29 16:22:24,490 - masks - DEBUG: Получен номер карты
2024-10-29 16:22:24,490 - masks - DEBUG: Маска номера карты: 0007 27** **** 5480
2024-10-29 16:22:24,490 - masks - INFO: Маска номера карты сгенерирована успешно
2024-10-29 16:22:24,490 - masks - DEBUG: Получен номер карты
2024-10-29 16:22:24,490 - masks - DEBUG: Маска номера карты: 3352 30** **** 3914
2024-10-29 16:22:24,490 - masks - INFO: Маска номера карты сгенерирована успешно
2024-10-29 16:22:24,490 - masks - DEBUG: Получен номер карты
2024-10-29 16:22:24,490 - masks - DEBUG: Маска номера карты: 6039 70** **** 6064
2024-10-29 16:22:24,490 - masks - INFO: Маска номера карты сгенерирована успешно
2024-10-29 16:22:24,490 - masks - DEBUG: Получен номер карты
2024-10-29 16:22:24,490 - masks - DEBUG: Маска номера карты: 1882 53** **** 5504
2024-10-29 16:22:24,490 - masks - INFO: Маска номера карты сгенерирована успешно
2024-10-29 16:22:24,490 - masks - DEBUG: Получен номер счета
2024-10-29 16:22:24,490 - masks - DEBUG: Маска номера счета: **6291
2024-10-29 16:22:24,490 - masks - INFO: Маска номера счета сгенерирована успешно
2024-10-29 16:22:24,490 - masks - DEBUG: Получен номер карты
2024-10-29 16:22:24,490 - masks - DEBUG: Маска номера карты: 1890 04** **** 7112
2024-10-29 16:22:24,490 - masks - INFO: Маска номера карты сгенерирована успешно
2024-10-29 16:22:24,490 - masks - DEBUG: Получен номер карты
2024-10-29 16:22:24,490 - masks - DEBUG: Маска номера карты: 9110 92** **** 8459
2024-10-29 16:22:24,490 - masks - INFO: Маска номера карты сгенерирована успешно
2024-10-29 16:22:24,490 - masks - DEBUG: Получен номер карты
2024-10-29 16:22:24,490 - masks - DEBUG: Маска номера карты: 3370 35** **** 9060
2024-10-29 16:22:24,490 - masks - INFO: Маска номера карты сгенерирована успешно
2024-10-29 16:22:24,490 - masks - DEBUG: Получен номер карты
2024-10-29 16:22:24,490 - masks - DEBUG: Маска номера карты: 2476 28** **** 0798
2024-10-29 16:22:24,490 - masks - INFO: Маска номера карты сгенерирована успешно
2024-10-29 16:22:24,490 - masks - DEBUG: Получен номер карты
2024-10-29 16:22:24,490 - masks - DEBUG: Маска номера карты: 5020 02** **** 9777
2024-10-29 16:22:24,490 - masks - INFO: Маска номера карты сгенерирована успешно
2024-10-29 16:22:24,490 - masks - DEBUG: Получен номер счета
2024-10-29 16:22:24,490 - masks - DEBUG: Маска номера счета: **7228
2024-10-29 16:22:24,490 - masks - INFO: Маска номера счета сгенерирована успешно
2024-10-29 16:22:24,490 - masks - DEBUG: Получен номер карты
2024-10-29 16:22:24,490 - masks - DEBUG: Маска номера карты: 5905 15** **** 2716
2024-10-29 16:22:24,490 - masks - INFO: Маска номера карты сгенерирована успешно
2024-10-29 16:22:24,490 - masks - DEBUG: Получен номер карты
2024-10-29 16:22:24,490 - masks - DEBUG: Маска номера карты: 7089 97** **** 6906
2024-10-29 16:22:24,490 - masks - INFO: Маска номера карты сгенерирована успешно
2024-10-29 16:22:24,490 - masks - DEBUG: Получен номер карты
2024-10-29 16:22:24,490 - masks - DEBUG: Маска номера карты: 6609 48** **** 4255
2024-10-29 16:22:24,490 - masks - INFO: Маска номера карты сгенерирована успешно
2024-10-29 16:22:24,490 - masks - DEBUG: Получен номер карты
2024-10-29 16:22:24,490 - masks - DEBUG: Маска номера карты: 6305 86** **** 2411
2024-10-29 16:22:24,490 - masks - INFO: Маска номера карты сгенерирована успешно
2024-10-29 16:22:24,490 - masks - DEBUG: Получен номер карты
2024-10-29 16:22:24,490 - masks - DEBUG: Маска номера карты: 4234 00** **** 0576
2024-10-29 16:22:24,490 - masks - INFO: Маска номера карты сгенерирована успешно
2024-10-29 16:22:24,490 - masks - DEBUG: Получен номер карты
2024-10-29 16:22:24,490 - masks - DEBUG: Маска номера карты: 3933 90** **** 6138
2024-10-29 16:22:24,490 - masks - INFO: Маска номера карты сгенерирована успешно
2024-10-29 16:22:24,490 - masks - DEBUG: Получен номер карты
2024-10-29 16:22:24,490 - masks - DEBUG: Маска номера карты: 5113 92** **** 9020
2024-10-29 16:22:24,490 - masks - INFO: Маска номера карты сгенерирована успешно
2024-10-29 16:22:24,490 - masks - DEBUG: Получен номер карты
2024-10-29 16:22:24,490 - masks - DEBUG: Маска номера карты: 0627 65** **** 5476
2024-10-29 16:22:24,490 - masks - INFO: Маска номера карты сгенерирована успешно
2024-10-29 16:22:24,490 - masks - DEBUG: Получен номер карты
2024-10-29 16:22:24,490 - masks - DEBUG: Маска номера карты: 0098 60** **** 8494
2024-10-29 16:22:24,490 - masks - INFO: Маска номера карты сгенерирована успешно
2024-10-29 16:22:24,490 - masks - DEBUG: Получен номер счета
2024-10-29 16:22:24,490 - masks - DEBUG: Маска номера счета: **0489
2024-10-29 16:22:24,490 - masks - INFO: Маска номера счета сгенерирована успешно
2024-10-29 16:22:24,490 - masks - DEBUG: Получен номер счета
2024-10-29 16:22:24,490 - masks - DEBUG: Маска номера счета: **5734
2024-10-29 16:22:24,490 - masks - INFO: Маска номера счета сгенерирована успешно
2024-10-29 16:22:24,490 - masks - DEBUG: Получен номер счета
2024-10-29 16:22:24,490 - masks - DEBUG: Маска номера счета: **0743
2024-10-29 16:22:24,490 - masks - INFO: Маска номера счета сгенерирована успешно
2024-10-29 16:22:24,490 - masks - DEBUG: Получен номер карты
2024-10-29 16:22:24,490 - masks - DEBUG: Маска номера карты: 1382 07** **** 1686
2024-10-29 16:22:24,490 - masks - INFO: Маска номера карты сгенерирована успешно
2024-10-29 16:22:24,490 - masks - DEBUG: Получен номер карты
2024-10-29 16:22:24,490 - masks - DEBUG: Маска номера карты: 7451 70** **** 9862
2024-10-29 16:22:24,490 - masks - INFO: Маска номера карты сгенерирована успешно
2024-10-29 16:22:24,490 - masks - DEBUG: Получен номер карты
2024-10-29 16:22:24,490 - masks - DEBUG: Маска номера карты: 3492 32** **** 7002
2024-10-29 16:22:24,490 - masks - INFO: Маска номера карты сгенерирована успешно
2024-10-29 16:22:24,490 - masks - DEBUG: Получен номер карты
2024-10-29 16:22:24,490 - masks - DEBUG: Маска номера карты: 1726 77** **** 4696
2024-10-29 16:22:24,490 - masks - INFO: Маска номера карты сгенерирована успешно
2024-10-29 16:22:24,490 - masks - DEBUG: Получен номер счета
2024-10-29 16:22:24,490 - masks - DEBUG: Маска номера счета: **5662
2024-10-29 16:22:24,490 - masks - INFO: Маска номера счета сгенерирована успешно
2024-10-29 16:22:24,490 - masks - DEBUG: Получен номер счета
2024-10-29 16:22:24,490 - masks - DEBUG: Маска номера счета: **5086
2024-10-29 16:22:24,490 - masks - INFO: Маска номера счета сгенерирована успешно
2024-10-29 16:22:24,490 - masks - DEBUG: Получен номер карты
2024-10-29 16:22:24,490 - masks - DEBUG: Маска номера карты: 1124 08** **** 3048
2024-10-29 16:22:24,490 - masks - INFO: Маска номера карты сгенерирована успешно
2024-10-29 16:22:24,490 - masks - DEBUG: Получен номер карты
2024-10-29 16:22:24,490 - masks - DEBUG: Маска номера карты: 9601 29** **** 6348
2024-10-29 16:22:24,490 - masks - INFO: Маска номера карты сгенерирована успешно
2024-10-29 16:22:24,490 - masks - DEBUG: Получен номер карты
2024-10-29 16:22:24,490 - masks - DEBUG: Маска номера карты: 3930 40** **** 4701
2024-10-29 16:22:24,490 - masks - INFO: Маска номера карты сгенерирована успешно
2024-10-29 16:22:24,490 - masks - DEBUG: Получен номер карты
2024-10-29 16:22:24,490 - masks - DEBUG: Маска номера карты: 1078 61** **** 6324
2024-10-29 16:22:24,490 - masks - INFO: Маска номера карты сгенерирована успешно
2024-10-29 16:22:24,490 - masks - DEBUG: Получен номер карты
2024-10-29 16:22:24,490 - masks - DEBUG: Маска номера карты: 4414 74** **** 2787
2024-10-29 16:22:24,490 - masks - INFO: Маска номера карты сгенерирована успешно
2024-10-29 16:22:24,490 - masks - DEBUG: Получен номер счета
2024-10-29 16:22:24,490 - masks - DEBUG: Маска номера счета: **6649
2024-10-29 16:22:24,490 - masks - INFO: Маска номера счета сгенерирована успешно
2024-10-29 16:22:24,490 - masks - DEBUG: Получен номер карты
2024-10-29 16:22:24,490 - masks - DEBUG: Маска номера карты: 9096 78** **** 4587
2024-10-29 16:22:24,490 - masks - INFO: Маска номера карты сгенерирована успешно
2024-10-29 16:22:24,490 - masks - DEBUG: Получен номер карты
2024-10-29 16:22:24,490 - masks - DEBUG: Маска номера карты: 1510 22** **** 1082
2024-10-29 16:22:24,490 - masks - INFO: Маска номера карты сгенерирована успешно
2024-10-29 16:22:24,490 - masks - DEBUG: Получен номер карты
2024-10-29 16:22:24,490 - masks - DEBUG: Маска номера карты: 3762 15** **** 7241
2024-10-29 16:22:24,490 - masks - INFO: Маска номера карты сгенерирована успешно
2024-10-29 16:22:24,490 - masks - DEBUG: Получен номер карты
2024-10-29 16:22:24,490 - masks - DEBUG: Маска номера карты: 5012 11** **** 8108
2024-10-29 16:22:24,490 - masks - INFO: Маска номера карты сгенерирована успешно
2024-10-29 16:22:24,490 - masks - DEBUG: Получен номер карты
2024-10-29 16:22:24,490 - masks - DEBUG: Маска номера карты: 0153 92** **** 8970
2024-10-29 16:22:24,490 - masks - INFO: Маска номера карты сгенерирована успешно
2024-10-29 16:22:24,490 - masks - DEBUG: Получен номер карты
2024-10-29 16:22:24,490 - masks - DEBUG: Маска номера карты: 3624 18** **** 0150
2024-10-29 16:22:24,490 - masks - INFO: Маска номера карты сгенерирована успешно
2024-10-29 16:22:24,490 - masks - DEBUG: Получен номер карты
2024-10-29 16:22:24,490 - masks - DEBUG: Маска номера карты: 3767 46** **** 8983
2024-10-29 16:22:24,490 - masks - INFO: Маска номера карты сгенерирована успешно
2024-10-29 16:22:24,490 - masks - DEBUG: Получен номер счета
2024-10-29 16:22:24,490 - masks - DEBUG: Маска номера счета: **0534
2024-10-29 16:22:24,490 - masks - INFO: Маска номера счета сгенерирована успешно
2024-10-29 16:22:24,490 - masks - DEBUG: Получен номер счета
2024-10-29 16:22:24,490 - masks - DEBUG: Маска номера счета: **6821
2024-10-29 16:22:24,490 - masks - INFO: Маска номера счета сгенерирована успешно
2024-10-29 16:22:24,490 - masks - DEBUG: Получен номер счета
2024-10-29 16:22:24,490 - masks - DEBUG: Маска номера счета: **2585
2024-10-29 16:22:24,490 - masks - INFO: Маска номера счета сгенерирована успешно
2024-10-29 16:22:24,490 - masks - DEBUG: Получен номер карты
2024-10-29 16:22:24,490 - masks - DEBUG: Маска номера карты: 5018 75** **** 8184
2024-10-29 16:22:24,490 - masks - INFO: Маска номера карты сгенерирована успешно
2024-10-29 16:22:24,490 - masks - DEBUG: Получен номер карты
2024-10-29 16:22:24,490 - masks - DEBUG: Маска номера карты: 6550 29** **** 4553
2024-10-29 16:22:24,490 - masks - INFO: Маска номера карты сгенерирована успешно
2024-10-29 16:22:24,490 - masks - DEBUG: Получен номер карты
2024-10-29 16:22:24,490 - masks - DEBUG: Маска номера карты: 7297 99** **** 9749
2024-10-29 16:22:24,490 - masks - INFO: Маска номера карты сгенерирована успешно
2024-10-29 16:22:24,490 - masks - DEBUG: Получен номер карты
2024-10-29 16:22:24,490 - masks - DEBUG: Маска номера карты: 7101 17** **** 5508
2024-10-29 16:22:24,490 - masks - INFO: Маска номера карты сгенерирована успешно
2024-10-29 16:22:24,490 - masks - DEBUG: Получен номер карты
2024-10-29 16:22:24,490 - masks - DEBUG: Маска номера карты: 0675 64** **** 7187
2024-10-29 16:22:24,490 - masks - INFO: Маска номера карты сгенерирована успешно
2024-10-29 16:22:24,490 - masks - DEBUG: Получен номер карты
2024-10-29 16:22:24,490 - masks - DEBUG: Маска номера карты: 1094 82** **** 3808
2024-10-29 16:22:24,490 - masks - INFO: Маска номера карты сгенерирована успешно
2024-10-29 16:22:24,490 - masks - DEBUG: Получен номер карты
2024-10-29 16:22:24,490 - masks - DEBUG: Маска номера карты: 0495 79** **** 0446
2024-10-29 16:22:24,490 - masks - INFO: Маска номера карты сгенерирована успешно
2024-10-29 16:22:24,490 - masks - DEBUG: Получен номер карты
2024-10-29 16:22:24,490 - masks - DEBUG: Маска номера карты: 3960 83** **** 8636
2024-10-29 16:22:24,490 - masks - INFO: Маска номера карты сгенерирована успешно
2024-10-29 16:22:24,490 - masks - DEBUG: Получен номер карты
2024-10-29 16:22:24,490 - masks - DEBUG: Маска номера карты: 3813 28** **** 7058
2024-10-29 16:22:24,490 - masks - INFO: Маска номера карты сгенерирована успешно
2024-10-29 16:22:24,490 - masks - DEBUG: Получен номер карты
2024-10-29 16:22:24,490 - masks - DEBUG: Маска номера карты: 4267 57** **** 1725
2024-10-29 16:22:24,490 - masks - INFO: Маска номера карты сгенерирована успешно
2024-10-29 16:22:24,490 - masks - DEBUG: Получен номер карты
2024-10-29 16:22:24,490 - masks - DEBUG: Маска номера карты: 0074 22** **** 0622
2024-10-29 16:22:24,490 - masks - INFO: Маска номера карты сгенерирована успешно
2024-10-29 16:22:24,490 - masks - DEBUG: Получен номер карты
2024-10-29 16:22:24,490 - masks - DEBUG: Маска номера карты: 5066 71** **** 3229
2024-10-29 16:22:24,490 - masks - INFO: Маска номера карты сгенерирована успешно
2024-10-29 16:22:24,490 - masks - DEBUG: Получен номер счета
2024-10-29 16:22:24,490 - masks - DEBUG: Маска номера счета: **7605
2024-10-29 16:22:24,490 - masks - INFO: Маска номера счета сгенерирована успешно
2024-10-29 16:22:24,490 - masks - DEBUG: Получен номер счета
2024-10-29 16:22:24,490 - masks - DEBUG: Маска номера счета: **0525
2024-10-29 16:22:24,490 - masks - INFO: Маска номера счета сгенерирована успешно
2024-10-29 16:22:24,490 - masks - DEBUG: Получен номер карты
2024-10-29 16:22:24,490 - masks - DEBUG: Маска номера карты: 0379 55** **** 5777
2024-10-29 16:22:24,490 - masks - INFO: Маска номера карты сгенерирована успешно
2024-10-29 16:22:24,490 - masks - DEBUG: Получен номер карты
2024-10-29 16:22:24,490 - masks - DEBUG: Маска номера карты: 2895 95** **** 5320
2024-10-29 16:22:24,490 - masks - INFO: Маска номера карты сгенерирована успешно
2024-10-29 16:22:24,490 - masks - DEBUG: Получен номер карты
2024-10-29 16:22:24,490 - masks - DEBUG: Маска номера карты: 9198 63** **** 3943
2024-10-29 16:22:24,490 - masks - INFO: Маска номера карты сгенерирована успешно
2024-10-29 16:22:24,490 - masks - DEBUG: Получен номер счета
2024-10-29 16:22:24,490 - masks - DEBUG: Маска номера счета: **7853
2024-10-29 16:22:24,490 - masks - INFO: Маска номера счета сгенерирована успешно
2024-10-29 16:22:24,490 - masks - DEBUG: Получен номер карты
2024-10-29 16:22:24,490 - masks - DEBUG: Маска номера карты: 5531 28** **** 8979
2024-10-29 16:22:24,490 - masks - INFO: Маска номера карты сгенерирована успешно
2024-10-29 16:22:24,490 - masks - DEBUG: Получен номер карты
2024-10-29 16:22:24,490 - masks - DEBUG: Маска номера карты: 9383 58** **** 4476
2024-10-29 16:22:24,490 - masks - INFO: Маска номера карты сгенерирована успешно
2024-10-29 16:22:24,490 - masks - DEBUG: Получен номер карты
2024-10-29 16:22:24,490 - masks - DEBUG: Маска номера карты: 4297 72** **** 5525
2024-10-29 16:22:24,490 - masks - INFO: Маска номера карты сгенерирована успешно
2024-10-29 16:22:24,490 - masks - DEBUG: Получен номер счета
2024-10-29 16:22:24,490 - masks - DEBUG: Маска номера счета: **5645
2024-10-29 16:22:24,490 - masks - INFO: Маска номера счета сгенерирована успешно
2024-10-29 16:22:24,490 - masks - DEBUG: Получен номер карты
2024-10-29 16:22:24,490 - masks - DEBUG: Маска номера карты: 8074 05** **** 3610
2024-10-29 16:22:24,490 - masks - INFO: Маска номера карты сгенерирована успешно
2024-10-29 16:22:24,490 - masks - DEBUG: Получен номер карты
2024-10-29 16:22:24,490 - masks - DEBUG: Маска номера карты: 2577 37** **** 6671
2024-10-29 16:22:24,490 - masks - INFO: Маска номера карты сгенерирована успешно
2024-10-29 16:22:24,490 - masks - DEBUG: Получен номер счета
2024-10-29 16:22:24,490 - masks - DEBUG: Маска номера счета: **7896
2024-10-29 16:22:24,490 - masks - INFO: Маска номера счета сгенерирована успешно
2024-10-29 16:22:24,490 - masks - DEBUG: Получен номер счета
2024-10-29 16:22:24,490 - masks - DEBUG: Маска номера счета: **8366
2024-10-29 16:22:24,490 - masks - INFO: Маска номера счета сгенерирована успешно
2024-10-29 16:22:24,490 - masks - DEBUG: Получен номер карты
2024-10-29 16:22:24,490 - masks - DEBUG: Маска номера карты: 3118 51** **** 0836
2024-10-29 16:22:24,490 - masks - INFO: Маска номера карты сгенерирована успешно
2024-10-29 16:22:24,490 - masks - DEBUG: Получен номер карты
2024-10-29 16:22:24,490 - masks - DEBUG: Маска номера карты: 2906 02** **** 8143
2024-10-29 16:22:24,490 - masks - INFO: Маска номера карты сгенерирована успешно
2024-10-29 16:22:24,490 - masks - DEBUG: Получен номер карты
2024-10-29 16:22:24,490 - masks - DEBUG: Маска номера карты: 0310 55** **** 0428
2024-10-29 16:22:24,490 - masks - INFO: Маска номера карты сгенерирована успешно
2024-10-29 16:22:24,490 - masks - DEBUG: Получен номер счета
2024-10-29 16:22:24,490 - masks - DEBUG: Маска номера счета: **3337
2024-10-29 16:22:24,490 - masks - INFO: Маска номера счета сгенерирована успешно
2024-10-29 16:22:24,490 - masks - DEBUG: Получен номер карты
2024-10-29 16:22:24,490 - masks - DEBUG: Маска номера карты: 4205 96** **** 8141
2024-10-29 16:22:24,490 - masks - INFO: Маска номера карты сгенерирована успешно
2024-10-29 16:22:24,490 - masks - DEBUG: Получен номер карты
2024-10-29 16:22:24,490 - masks - DEBUG: Маска номера карты: 3182 66** **** 6884
2024-10-29 16:22:24,490 - masks - INFO: Маска номера карты сгенерирована успешно
2024-10-29 16:22:24,490 - masks - DEBUG: Получен номер карты
2024-10-29 16:22:24,490 - masks - DEBUG: Маска номера карты: 1516 17** **** 9127
2024-10-29 16:22:24,490 - masks - INFO: Маска номера карты сгенерирована успешно
2024-10-29 16:22:24,490 - masks - DEBUG: Получен номер карты
2024-10-29 16:22:24,490 - masks - DEBUG: Маска номера карты: 0476 81** **** 0334
2024-10-29 16:22:24,490 - masks - INFO: Маска номера карты сгенерирована успешно
2024-10-29 16:22:24,490 - masks - DEBUG: Получен номер карты
2024-10-29 16:22:24,490 - masks - DEBUG: Маска номера карты: 2304 16** **** 1872
2024-10-29 16:22:24,490 - masks - INFO: Маска номера карты сгенерирована успешно
2024-10-29 16:22:24,490 - masks - DEBUG: Получен номер карты
2024-10-29 16:22:24,490 - masks - DEBUG: Маска номера карты: 2630 65** **** 1057
2024-10-29 16:22:24,490 - masks - INFO: Маска номера карты сгенерирована успешно
2024-10-29 16:22:24,490 - masks - DEBUG: Получен номер карты
2024-10-29 16:22:24,490 - masks - DEBUG: Маска номера карты: 2309 23** **** 9955
2024-10-29 16:22:24,490 - masks - INFO: Маска номера карты сгенерирована успешно
2024-10-29 16:22:24,490 - masks - DEBUG: Получен номер карты
2024-10-29 16:22:24,490 - masks - DEBUG: Маска номера карты: 6621 17** **** 5719
2024-10-29 16:22:24,490 - masks - INFO: Маска номера карты сгенерирована успешно
2024-10-29 16:22:24,490 - masks - DEBUG: Получен номер карты
2024-10-29 16:22:24,490 - masks - DEBUG: Маска номера карты: 9921 28** **** 2860
2024-10-29 16:22:24,490 - masks - INFO: Маска номера карты сгенерирована успешно
2024-10-29 16:22:24,490 - masks - DEBUG: Получен номер карты
2024-10-29 16:22:24,490 - masks - DEBUG: Маска номера карты: 1638 53** **** 3636
2024-10-29 16:22:24,490 - masks - INFO: Маска номера карты сгенерирована успешно
2024-10-29 16:22:24,490 - masks - DEBUG: Получен номер карты
2024-10-29 16:22:24,490 - masks - DEBUG: Маска номера карты: 7398 18** **** 3930
2024-10-29 16:22:24,490 - masks - INFO: Маска номера карты сгенерирована успешно
2024-10-29 16:22:24,490 - masks - DEBUG: Получен номер карты
2024-10-29 16:22:24,490 - masks - DEBUG: Маска номера карты: 5615 21** **** 3306
2024-10-29 16:22:24,490 - masks - INFO: Маска номера карты сгенерирована успешно
2024-10-29 16:22:24,490 - masks - DEBUG: Получен номер карты
2024-10-29 16:22:24,490 - masks - DEBUG: Маска номера карты: 4392 05** **** 4031
2024-10-29 16:22:24,490 - masks - INFO: Маска номера карты сгенерирована успешно
2024-10-29 16:22:24,490 - masks - DEBUG: Получен номер карты
2024-10-29 16:22:24,490 - masks - DEBUG: Маска номера карты: 7053 77** **** 1195
2024-10-29 16:22:24,490 - masks - INFO: Маска номера карты сгенерирована успешно
2024-10-29 16:22:24,490 - masks - DEBUG: Получен номер карты
2024-10-29 16:22:24,490 - masks - DEBUG: Маска номера карты: 4854 29** **** 5607
2024-10-29 16:22:24,490 - masks - INFO: Маска номера карты сгенерирована успешно
2024-10-29 16:22:24,490 - masks - DEBUG: Получен номер карты
2024-10-29 16:22:24,490 - masks - DEBUG: Маска номера карты: 5139 71** **** 0462
2024-10-29 16:22:24,490 - masks - INFO: Маска номера карты сгенерирована успешно
2024-10-29 16:22:24,506 - masks - DEBUG: Получен номер карты
2024-10-29 16:22:24,506 - masks - DEBUG: Маска номера карты: 7771 80** **** 0969
2024-10-29 16:22:24,506 - masks - INFO: Маска номера карты сгенерирована успешно
2024-10-29 16:22:24,506 - masks - DEBUG: Получен номер карты
2024-10-29 16:22:24,506 - masks - DEBUG: Маска номера карты: 1797 32** **** 7840
2024-10-29 16:22:24,506 - masks - INFO: Маска номера карты сгенерирована успешно
2024-10-29 16:22:24,506 - masks - DEBUG: Получен номер карты
2024-10-29 16:22:24,506 - masks - DEBUG: Маска номера карты: 9922 60** **** 9736
2024-10-29 16:22:24,506 - masks - INFO: Маска номера карты сгенерирована успешно
2024-10-29 16:22:24,506 - masks - DEBUG: Получен номер карты
2024-10-29 16:22:24,506 - masks - DEBUG: Маска номера карты: 7149 13** **** 3406
2024-10-29 16:22:24,506 - masks - INFO: Маска номера карты сгенерирована успешно
2024-10-29 16:22:24,506 - masks - DEBUG: Получен номер карты
2024-10-29 16:22:24,506 - masks - DEBUG: Маска номера карты: 9322 94** **** 4465
2024-10-29 16:22:24,506 - masks - INFO: Маска номера карты сгенерирована успешно
2024-10-29 16:22:24,506 - masks - DEBUG: Получен номер карты
2024-10-29 16:22:24,506 - masks - DEBUG: Маска номера карты: 9881 45** **** 0855
2024-10-29 16:22:24,506 - masks - INFO: Маска номера карты сгенерирована успешно
2024-10-29 16:22:24,506 - masks - DEBUG: Получен номер карты
2024-10-29 16:22:24,506 - masks - DEBUG: Маска номера карты: 0985 38** **** 5843
2024-10-29 16:22:24,506 - masks - INFO: Маска номера карты сгенерирована успешно
2024-10-29 16:22:24,506 - masks - DEBUG: Получен номер карты
2024-10-29 16:22:24,506 - masks - DEBUG: Маска номера карты: 6907 76** **** 5608
2024-10-29 16:22:24,506 - masks - INFO: Маска номера карты сгенерирована успешно
2024-10-29 16:22:24,506 - masks - DEBUG: Получен номер карты
2024-10-29 16:22:24,506 - masks - DEBUG: Маска номера карты: 2343 95** **** 3158
2024-10-29 16:22:24,506 - masks - INFO: Маска номера карты сгенерирована успешно
2024-10-29 16:22:24,506 - masks - DEBUG: Получен номер карты
2024-10-29 16:22:24,506 - masks - DEBUG: Маска номера карты: 8400 86** **** 3599
2024-10-29 16:22:24,506 - masks - INFO: Маска номера карты сгенерирована успешно
2024-10-29 16:22:24,506 - masks - DEBUG: Получен номер карты
2024-10-29 16:22:24,506 - masks - DEBUG: Маска номера карты: 5279 22** **** 2082
2024-10-29 16:22:24,506 - masks - INFO: Маска номера карты сгенерирована успешно
2024-10-29 16:22:24,506 - masks - DEBUG: Получен номер карты
2024-10-29 16:22:24,506 - masks - DEBUG: Маска номера карты: 4399 44** **** 3049
2024-10-29 16:22:24,506 - masks - INFO: Маска номера карты сгенерирована успешно
2024-10-29 16:22:24,506 - masks - DEBUG: Получен номер карты
2024-10-29 16:22:24,506 - masks - DEBUG: Маска номера карты: 2499 48** **** 1450
2024-10-29 16:22:24,506 - masks - INFO: Маска номера карты сгенерирована успешно
2024-10-29 16:22:24,506 - masks - DEBUG: Получен номер карты
2024-10-29 16:22:24,506 - masks - DEBUG: Маска номера карты: 1037 76** **** 4290
2024-10-29 16:22:24,506 - masks - INFO: Маска номера карты сгенерирована успешно
2024-10-29 16:22:24,506 - masks - DEBUG: Получен номер карты
2024-10-29 16:22:24,506 - masks - DEBUG: Маска номера карты: 7881 17** **** 1546
2024-10-29 16:22:24,506 - masks - INFO: Маска номера карты сгенерирована успешно
2024-10-29 16:22:24,506 - masks - DEBUG: Получен номер карты
2024-10-29 16:22:24,506 - masks - DEBUG: Маска номера карты: 5019 04** **** 5219
2024-10-29 16:22:24,506 - masks - INFO: Маска номера карты сгенерирована успешно
2024-10-29 16:22:24,506 - masks - DEBUG: Получен номер счета
2024-10-29 16:22:24,506 - masks - DEBUG: Маска номера счета: **4470
2024-10-29 16:22:24,506 - masks - INFO: Маска номера счета сгенерирована успешно
2024-10-29 16:22:24,506 - masks - DEBUG: Получен номер счета
2024-10-29 16:22:24,506 - masks - DEBUG: Маска номера счета: **3168
2024-10-29 16:22:24,506 - masks - INFO: Маска номера счета сгенерирована успешно
2024-10-29 16:22:24,506 - masks - DEBUG: Получен номер карты
2024-10-29 16:22:24,506 - masks - DEBUG: Маска номера карты: 4630 61** **** 0704
2024-10-29 16:22:24,506 - masks - INFO: Маска номера карты сгенерирована успешно
2024-10-29 16:22:24,506 - masks - DEBUG: Получен номер карты
2024-10-29 16:22:24,506 - masks - DEBUG: Маска номера карты: 6818 45** **** 3615
2024-10-29 16:22:24,506 - masks - INFO: Маска номера карты сгенерирована успешно
2024-10-29 16:22:24,506 - masks - DEBUG: Получен номер счета
2024-10-29 16:22:24,506 - masks - DEBUG: Маска номера счета: **9440
2024-10-29 16:22:24,506 - masks - INFO: Маска номера счета сгенерирована успешно
2024-10-29 16:22:24,506 - masks - DEBUG: Получен номер счета
2024-10-29 16:22:24,506 - masks - DEBUG: Маска номера счета: **3265
2024-10-29 16:22:24,506 - masks - INFO: Маска номера счета сгенерирована успешно
2024-10-29 16:22:24,506 - masks - DEBUG: Получен номер карты
2024-10-29 16:22:24,506 - masks - DEBUG: Маска номера карты: 9887 32** **** 2252
2024-10-29 16:22:24,506 - masks - INFO: Маска номера карты сгенерирована успешно
2024-10-29 16:22:24,506 - masks - DEBUG: Получен номер карты
2024-10-29 16:22:24,506 - masks - DEBUG: Маска номера карты: 6412 29** **** 4306
2024-10-29 16:22:24,506 - masks - INFO: Маска номера карты сгенерирована успешно
2024-10-29 16:22:24,506 - masks - DEBUG: Получен номер карты
2024-10-29 16:22:24,506 - masks - DEBUG: Маска номера карты: 1488 66** **** 8770
2024-10-29 16:22:24,506 - masks - INFO: Маска номера карты сгенерирована успешно
2024-10-29 16:22:24,506 - masks - DEBUG: Получен номер карты
2024-10-29 16:22:24,506 - masks - DEBUG: Маска номера карты: 3485 27** **** 8200
2024-10-29 16:22:24,506 - masks - INFO: Маска номера карты сгенерирована успешно
2024-10-29 16:22:24,506 - masks - DEBUG: Получен номер счета
2024-10-29 16:22:24,506 - masks - DEBUG: Маска номера счета: **3583
2024-10-29 16:22:24,506 - masks - INFO: Маска номера счета сгенерирована успешно
2024-10-29 16:22:24,506 - masks - DEBUG: Получен номер счета
2024-10-29 16:22:24,506 - masks - DEBUG: Маска номера счета: **1152
2024-10-29 16:22:24,506 - masks - INFO: Маска номера счета сгенерирована успешно
2024-10-29 16:22:24,506 - masks - DEBUG: Получен номер карты
2024-10-29 16:22:24,506 - masks - DEBUG: Маска номера карты: 8366 17** **** 9509
2024-10-29 16:22:24,506 - masks - INFO: Маска номера карты сгенерирована успешно
2024-10-29 16:22:24,506 - masks - DEBUG: Получен номер счета
2024-10-29 16:22:24,506 - masks - DEBUG: Маска номера счета: **9718
2024-10-29 16:22:24,506 - masks - INFO: Маска номера счета сгенерирована успешно
2024-10-29 16:22:24,506 - masks - DEBUG: Получен номер счета
2024-10-29 16:22:24,506 - masks - DEBUG: Маска номера счета: **1569
2024-10-29 16:22:24,506 - masks - INFO: Маска номера счета сгенерирована успешно
2024-10-29 16:22:24,506 - masks - DEBUG: Получен номер счета
2024-10-29 16:22:24,506 - masks - DEBUG: Маска номера счета: **1104
2024-10-29 16:22:24,506 - masks - INFO: Маска номера счета сгенерирована успешно
2024-10-29 16:22:24,506 - masks - DEBUG: Получен номер карты
2024-10-29 16:22:24,506 - masks - DEBUG: Маска номера карты: 2336 86** **** 9932
2024-10-29 16:22:24,506 - masks - INFO: Маска номера карты сгенерирована успешно
2024-10-29 16:22:24,506 - masks - DEBUG: Получен номер карты
2024-10-29 16:22:24,506 - masks - DEBUG: Маска номера карты: 2266 39** **** 5773
2024-10-29 16:22:24,506 - masks - INFO: Маска номера карты сгенерирована успешно
2024-10-29 16:22:24,506 - masks - DEBUG: Получен номер карты
2024-10-29 16:22:24,506 - masks - DEBUG: Маска номера карты: 7886 86** **** 7258
2024-10-29 16:22:24,506 - masks - INFO: Маска номера карты сгенерирована успешно
2024-10-29 16:22:24,506 - masks - DEBUG: Получен номер карты
2024-10-29 16:22:24,506 - masks - DEBUG: Маска номера карты: 5920 32** **** 5030
2024-10-29 16:22:24,506 - masks - INFO: Маска номера карты сгенерирована успешно
2024-10-29 16:22:24,506 - masks - DEBUG: Получен номер карты
2024-10-29 16:22:24,506 - masks - DEBUG: Маска номера карты: 9746 02** **** 9212
2024-10-29 16:22:24,506 - masks - INFO: Маска номера карты сгенерирована успешно
2024-10-29 16:22:24,506 - masks - DEBUG: Получен номер карты
2024-10-29 16:22:24,506 - masks - DEBUG: Маска номера карты: 0578 43** **** 4448
2024-10-29 16:22:24,506 - masks - INFO: Маска номера карты сгенерирована успешно
2024-10-29 16:22:24,506 - masks - DEBUG: Получен номер карты
2024-10-29 16:22:24,506 - masks - DEBUG: Маска номера карты: 0226 38** **** 9674
2024-10-29 16:22:24,506 - masks - INFO: Маска номера карты сгенерирована успешно
2024-10-29 16:22:24,506 - masks - DEBUG: Получен номер карты
2024-10-29 16:22:24,506 - masks - DEBUG: Маска номера карты: 1525 21** **** 3050
2024-10-29 16:22:24,506 - masks - INFO: Маска номера карты сгенерирована успешно
2024-10-29 16:22:24,506 - masks - DEBUG: Получен номер карты
2024-10-29 16:22:24,506 - masks - DEBUG: Маска номера карты: 9665 28** **** 3133
2024-10-29 16:22:24,506 - masks - INFO: Маска номера карты сгенерирована успешно
2024-10-29 16:22:24,506 - masks - DEBUG: Получен номер карты
2024-10-29 16:22:24,506 - masks - DEBUG: Маска номера карты: 5223 54** **** 2499
2024-10-29 16:22:24,506 - masks - INFO: Маска номера карты сгенерирована успешно
2024-10-29 16:22:24,506 - masks - DEBUG: Получен номер карты
2024-10-29 16:22:24,506 - masks - DEBUG: Маска номера карты: 1599 02** **** 7275
2024-10-29 16:22:24,506 - masks - INFO: Маска номера карты сгенерирована успешно
2024-10-29 16:22:24,506 - masks - DEBUG: Получен номер карты
2024-10-29 16:22:24,506 - masks - DEBUG: Маска номера карты: 5182 94** **** 2672
2024-10-29 16:22:24,506 - masks - INFO: Маска номера карты сгенерирована успешно
2024-10-29 16:22:24,511 - masks - DEBUG: Получен номер карты
2024-10-29 16:22:24,511 - masks - DEBUG: Маска номера карты: 1652 85** **** 6703
2024-10-29 16:22:24,511 - masks - INFO: Маска номера карты сгенерирована успешно
2024-10-29 16:22:24,511 - masks - DEBUG: Получен номер карты
2024-10-29 16:22:24,511 - masks - DEBUG: Маска номера карты: 5757 76** **** 3185
2024-10-29 16:22:24,511 - masks - INFO: Маска номера карты сгенерирована успешно
2024-10-29 16:22:24,511 - masks - DEBUG: Получен номер карты
2024-10-29 16:22:24,511 - masks - DEBUG: Маска номера карты: 1399 15** **** 6740
2024-10-29 16:22:24,511 - masks - INFO: Маска номера карты сгенерирована успешно
2024-10-29 16:22:24,511 - masks - DEBUG: Получен номер счета
2024-10-29 16:22:24,511 - masks - DEBUG: Маска номера счета: **3905
2024-10-29 16:22:24,511 - masks - INFO: Маска номера счета сгенерирована успешно
2024-10-29 16:22:24,511 - masks - DEBUG: Получен номер счета
2024-10-29 16:22:24,511 - masks - DEBUG: Маска номера счета: **8876
2024-10-29 16:22:24,511 - masks - INFO: Маска номера счета сгенерирована успешно
2024-10-29 16:22:24,511 - masks - DEBUG: Получен номер счета
2024-10-29 16:22:24,511 - masks - DEBUG: Маска номера счета: **8883
2024-10-29 16:22:24,511 - masks - INFO: Маска номера счета сгенерирована успешно
2024-10-29 16:22:24,511 - masks - DEBUG: Получен номер карты
2024-10-29 16:22:24,511 - masks - DEBUG: Маска номера карты: 5016 06** **** 9398
2024-10-29 16:22:24,511 - masks - INFO: Маска номера карты сгенерирована успешно
2024-10-29 16:22:24,511 - masks - DEBUG: Получен номер карты
2024-10-29 16:22:24,511 - masks - DEBUG: Маска номера карты: 1404 09** **** 8771
2024-10-29 16:22:24,511 - masks - INFO: Маска номера карты сгенерирована успешно
2024-10-29 16:22:24,511 - masks - DEBUG: Получен номер карты
2024-10-29 16:22:24,511 - masks - DEBUG: Маска номера карты: 5557 39** **** 9544
2024-10-29 16:22:24,511 - masks - INFO: Маска номера карты сгенерирована успешно
2024-10-29 16:22:24,511 - masks - DEBUG: Получен номер счета
2024-10-29 16:22:24,511 - masks - DEBUG: Маска номера счета: **0188
2024-10-29 16:22:24,511 - masks - INFO: Маска номера счета сгенерирована успешно
2024-10-29 16:22:24,511 - masks - DEBUG: Получен номер карты
2024-10-29 16:22:24,511 - masks - DEBUG: Маска номера карты: 6176 77** **** 2757
2024-10-29 16:22:24,511 - masks - INFO: Маска номера карты сгенерирована успешно
2024-10-29 16:22:24,511 - masks - DEBUG: Получен номер карты
2024-10-29 16:22:24,511 - masks - DEBUG: Маска номера карты: 1015 12** **** 4603
2024-10-29 16:22:24,511 - masks - INFO: Маска номера карты сгенерирована успешно
2024-10-29 16:22:24,511 - masks - DEBUG: Получен номер карты
2024-10-29 16:22:24,511 - masks - DEBUG: Маска номера карты: 2401 90** **** 9644
2024-10-29 16:22:24,511 - masks - INFO: Маска номера карты сгенерирована успешно
2024-10-29 16:22:24,511 - masks - DEBUG: Получен номер счета
2024-10-29 16:22:24,511 - masks - DEBUG: Маска номера счета: **2153
2024-10-29 16:22:24,511 - masks - INFO: Маска номера счета сгенерирована успешно
2024-10-29 16:22:24,511 - masks - DEBUG: Получен номер карты
2024-10-29 16:22:24,511 - masks - DEBUG: Маска номера карты: 5542 48** **** 3458
2024-10-29 16:22:24,511 - masks - INFO: Маска номера карты сгенерирована успешно
2024-10-29 16:22:24,511 - masks - DEBUG: Получен номер счета
2024-10-29 16:22:24,511 - masks - DEBUG: Маска номера счета: **3765
2024-10-29 16:22:24,511 - masks - INFO: Маска номера счета сгенерирована успешно
2024-10-29 16:22:24,511 - masks - DEBUG: Получен номер карты
2024-10-29 16:22:24,511 - masks - DEBUG: Маска номера карты: 4020 35** **** 0777
2024-10-29 16:22:24,511 - masks - INFO: Маска номера карты сгенерирована успешно
2024-10-29 16:22:24,511 - masks - DEBUG: Получен номер счета
2024-10-29 16:22:24,511 - masks - DEBUG: Маска номера счета: **8849
2024-10-29 16:22:24,511 - masks - INFO: Маска номера счета сгенерирована успешно
2024-10-29 16:22:24,511 - masks - DEBUG: Получен номер карты
2024-10-29 16:22:24,511 - masks - DEBUG: Маска номера карты: 2441 13** **** 8641
2024-10-29 16:22:24,511 - masks - INFO: Маска номера карты сгенерирована успешно
2024-10-29 16:22:24,511 - masks - DEBUG: Получен номер карты
2024-10-29 16:22:24,511 - masks - DEBUG: Маска номера карты: 6722 92** **** 4353
2024-10-29 16:22:24,511 - masks - INFO: Маска номера карты сгенерирована успешно
2024-10-29 16:22:24,511 - masks - DEBUG: Получен номер карты
2024-10-29 16:22:24,511 - masks - DEBUG: Маска номера карты: 0949 02** **** 1721
2024-10-29 16:22:24,511 - masks - INFO: Маска номера карты сгенерирована успешно
2024-10-29 16:22:24,511 - masks - DEBUG: Получен номер карты
2024-10-29 16:22:24,511 - masks - DEBUG: Маска номера карты: 0086 20** **** 6936
2024-10-29 16:22:24,511 - masks - INFO: Маска номера карты сгенерирована успешно
2024-10-29 16:22:24,511 - masks - DEBUG: Получен номер счета
2024-10-29 16:22:24,511 - masks - DEBUG: Маска номера счета: **1586
2024-10-29 16:22:24,511 - masks - INFO: Маска номера счета сгенерирована успешно
2024-10-29 16:22:24,511 - masks - DEBUG: Получен номер счета
2024-10-29 16:22:24,511 - masks - DEBUG: Маска номера счета: **5901
2024-10-29 16:22:24,511 - masks - INFO: Маска номера счета сгенерирована успешно
2024-10-29 16:22:24,511 - masks - DEBUG: Получен номер счета
2024-10-29 16:22:24,511 - masks - DEBUG: Маска номера счета: **7690
2024-10-29 16:22:24,511 - masks - INFO: Маска номера счета сгенерирована успешно
2024-10-29 16:22:24,511 - masks - DEBUG: Получен номер счета
2024-10-29 16:22:24,511 - masks - DEBUG: Маска номера счета: **5022
2024-10-29 16:22:24,511 - masks - INFO: Маска номера счета сгенерирована успешно
2024-10-29 16:22:24,511 - masks - DEBUG: Получен номер карты
2024-10-29 16:22:24,511 - masks - DEBUG: Маска номера карты: 7221 82** **** 6461
2024-10-29 16:22:24,511 - masks - INFO: Маска номера карты сгенерирована успешно
2024-10-29 16:22:24,511 - masks - DEBUG: Получен номер карты
2024-10-29 16:22:24,511 - masks - DEBUG: Маска номера карты: 8071 01** **** 6714
2024-10-29 16:22:24,511 - masks - INFO: Маска номера карты сгенерирована успешно
2024-10-29 16:22:24,511 - masks - DEBUG: Получен номер карты
2024-10-29 16:22:24,511 - masks - DEBUG: Маска номера карты: 7371 48** **** 7692
2024-10-29 16:22:24,511 - masks - INFO: Маска номера карты сгенерирована успешно
2024-10-29 16:22:24,511 - masks - DEBUG: Получен номер карты
2024-10-29 16:22:24,511 - masks - DEBUG: Маска номера карты: 1912 85** **** 6682
2024-10-29 16:22:24,511 - masks - INFO: Маска номера карты сгенерирована успешно
2024-10-29 16:22:24,511 - masks - DEBUG: Получен номер карты
2024-10-29 16:22:24,511 - masks - DEBUG: Маска номера карты: 0779 39** **** 1438
2024-10-29 16:22:24,511 - masks - INFO: Маска номера карты сгенерирована успешно
2024-10-29 16:22:24,511 - masks - DEBUG: Получен номер карты
2024-10-29 16:22:24,511 - masks - DEBUG: Маска номера карты: 4668 78** **** 4410
2024-10-29 16:22:24,511 - masks - INFO: Маска номера карты сгенерирована успешно
2024-10-29 16:22:24,511 - masks - DEBUG: Получен номер карты
2024-10-29 16:22:24,511 - masks - DEBUG: Маска номера карты: 2234 67** **** 1808
2024-10-29 16:22:24,511 - masks - INFO: Маска номера карты сгенерирована успешно
2024-10-29 16:22:24,511 - masks - DEBUG: Получен номер карты
2024-10-29 16:22:24,511 - masks - DEBUG: Маска номера карты: 8286 22** **** 6522
2024-10-29 16:22:24,511 - masks - INFO: Маска номера карты сгенерирована успешно
2024-10-29 16:22:24,511 - masks - DEBUG: Получен номер счета
2024-10-29 16:22:24,511 - masks - DEBUG: Маска номера счета: **0056
2024-10-29 16:22:24,511 - masks - INFO: Маска номера счета сгенерирована успешно
2024-10-29 16:22:24,511 - masks - DEBUG: Получен номер счета
2024-10-29 16:22:24,511 - masks - DEBUG: Маска номера счета: **4067
2024-10-29 16:22:24,511 - masks - INFO: Маска номера счета сгенерирована успешно
2024-10-29 16:22:24,511 - masks - DEBUG: Получен номер карты
2024-10-29 16:22:24,511 - masks - DEBUG: Маска номера карты: 2661 60** **** 9511
2024-10-29 16:22:24,511 - masks - INFO: Маска номера карты сгенерирована успешно
2024-10-29 16:22:24,511 - masks - DEBUG: Получен номер счета
2024-10-29 16:22:24,511 - masks - DEBUG: Маска номера счета: **4473
2024-10-29 16:22:24,511 - masks - INFO: Маска номера счета сгенерирована успешно
2024-10-29 16:22:24,511 - masks - DEBUG: Получен номер счета
2024-10-29 16:22:24,511 - masks - DEBUG: Маска номера счета: **2745
2024-10-29 16:22:24,511 - masks - INFO: Маска номера счета сгенерирована успешно
2024-10-29 16:22:24,511 - masks - DEBUG: Получен номер счета
2024-10-29 16:22:24,511 - masks - DEBUG: Маска номера счета: **4363
2024-10-29 16:22:24,511 - masks - INFO: Маска номера счета сгенерирована успешно
2024-10-29 16:22:24,511 - masks - DEBUG: Получен номер карты
2024-10-29 16:22:24,511 - masks - DEBUG: Маска номера карты: 9392 87** **** 6476
2024-10-29 16:22:24,511 - masks - INFO: Маска номера карты сгенерирована успешно
2024-10-29 16:22:24,511 - masks - DEBUG: Получен номер карты
2024-10-29 16:22:24,511 - masks - DEBUG: Маска номера карты: 0195 93** **** 2283
2024-10-29 16:22:24,511 - masks - INFO: Маска номера карты сгенерирована успешно
2024-10-29 16:22:24,511 - masks - DEBUG: Получен номер карты
2024-10-29 16:22:24,511 - masks - DEBUG: Маска номера карты: 9141 12** **** 9501
2024-10-29 16:22:24,511 - masks - INFO: Маска номера карты сгенерирована успешно
2024-10-29 16:22:24,511 - masks - DEBUG: Получен номер счета
2024-10-29 16:22:24,511 - masks - DEBUG: Маска номера счета: **2949
2024-10-29 16:22:24,511 - masks - INFO: Маска номера счета сгенерирована успешно
2024-10-29 16:22:24,511 - masks - DEBUG: Получен номер карты
2024-10-29 16:22:24,511 - masks - DEBUG: Маска номера карты: 1563 07** **** 8104
2024-10-29 16:22:24,511 - masks - INFO: Маска номера карты сгенерирована успешно
2024-10-29 16:22:24,511 - masks - DEBUG: Получен номер карты
2024-10-29 16:22:24,511 - masks - DEBUG: Маска номера карты: 6133 88** **** 8564
2024-10-29 16:22:24,511 - masks - INFO: Маска номера карты сгенерирована успешно
2024-10-29 16:22:24,511 - masks - DEBUG: Получен номер карты
2024-10-29 16:22:24,511 - masks - DEBUG: Маска номера карты: 7651 77** **** 9755
2024-10-29 16:22:24,511 - masks - INFO: Маска номера карты сгенерирована успешно
2024-10-29 16:22:24,511 - masks - DEBUG: Получен номер карты
2024-10-29 16:22:24,511 - masks - DEBUG: Маска номера карты: 1722 97** **** 0715
2024-10-29 16:22:24,511 - masks - INFO: Маска номера карты сгенерирована успешно
2024-10-29 16:22:24,511 - masks - DEBUG: Получен номер карты
2024-10-29 16:22:24,511 - masks - DEBUG: Маска номера карты: 5474 66** **** 8245
2024-10-29 16:22:24,511 - masks - INFO: Маска номера карты сгенерирована успешно
2024-10-29 16:22:24,511 - masks - DEBUG: Получен номер карты
2024-10-29 16:22:24,511 - masks - DEBUG: Маска номера карты: 8221 56** **** 2993
2024-10-29 16:22:24,511 - masks - INFO: Маска номера карты сгенерирована успешно
2024-10-29 16:22:24,511 - masks - DEBUG: Получен номер карты
2024-10-29 16:22:24,511 - masks - DEBUG: Маска номера карты: 2957 86** **** 4974
2024-10-29 16:22:24,511 - masks - INFO: Маска номера карты сгенерирована успешно
2024-10-29 16:22:24,511 - masks - DEBUG: Получен номер карты
2024-10-29 16:22:24,511 - masks - DEBUG: Маска номера карты: 6990 78** **** 8331
2024-10-29 16:22:24,511 - masks - INFO: Маска номера карты сгенерирована успешно
2024-10-29 16:22:24,511 - masks - DEBUG: Получен номер карты
2024-10-29 16:22:24,511 - masks - DEBUG: Маска номера карты: 1927 32** **** 2568
2024-10-29 16:22:24,511 - masks - INFO: Маска номера карты сгенерирована успешно
2024-10-29 16:22:24,511 - masks - DEBUG: Получен номер карты
2024-10-29 16:22:24,511 - masks - DEBUG: Маска номера карты: 8802 49** **** 3266
2024-10-29 16:22:24,511 - masks - INFO: Маска номера карты сгенерирована успешно
2024-10-29 16:22:24,511 - masks - DEBUG: Получен номер карты
2024-10-29 16:22:24,511 - masks - DEBUG: Маска номера карты: 7301 25** **** 2546
2024-10-29 16:22:24,511 - masks - INFO: Маска номера карты сгенерирована успешно
2024-10-29 16:22:24,511 - masks - DEBUG: Получен номер счета
2024-10-29 16:22:24,511 - masks - DEBUG: Маска номера счета: **7533
2024-10-29 16:22:24,511 - masks - INFO: Маска номера счета сгенерирована успешно
2024-10-29 16:22:24,511 - masks - DEBUG: Получен номер карты
2024-10-29 16:22:24,511 - masks - DEBUG: Маска номера карты: 5118 33** **** 1524
2024-10-29 16:22:24,511 - masks - INFO: Маска номера карты сгенерирована успешно
2024-10-29 16:22:24,511 - masks - DEBUG: Получен номер карты
2024-10-29 16:22:24,511 - masks - DEBUG: Маска номера карты: 3649 21** **** 5661
2024-10-29 16:22:24,511 - masks - INFO: Маска номера карты сгенерирована успешно
2024-10-29 16:22:24,511 - masks - DEBUG: Получен номер карты
2024-10-29 16:22:24,511 - masks - DEBUG: Маска номера карты: 8287 13** **** 9196
2024-10-29 16:22:24,511 - masks - INFO: Маска номера карты сгенерирована успешно
2024-10-29 16:22:24,511 - masks - DEBUG: Получен номер карты
2024-10-29 16:22:24,511 - masks - DEBUG: Маска номера карты: 9809 57** **** 2793
2024-10-29 16:22:24,511 - masks - INFO: Маска номера карты сгенерирована успешно
2024-10-29 16:22:24,511 - masks - DEBUG: Получен номер карты
2024-10-29 16:22:24,511 - masks - DEBUG: Маска номера карты: 0951 44** **** 8560
2024-10-29 16:22:24,511 - masks - INFO: Маска номера карты сгенерирована успешно
2024-10-29 16:22:24,511 - masks - DEBUG: Получен номер карты
2024-10-29 16:22:24,511 - masks - DEBUG: Маска номера карты: 7070 23** **** 8113
2024-10-29 16:22:24,511 - masks - INFO: Маска номера карты сгенерирована успешно
2024-10-29 16:22:24,511 - masks - DEBUG: Получен номер счета
2024-10-29 16:22:24,511 - masks - DEBUG: Маска номера счета: **3517
2024-10-29 16:22:24,511 - masks - INFO: Маска номера счета сгенерирована успешно
2024-10-29 16:22:24,511 - masks - DEBUG: Получен номер счета
2024-10-29 16:22:24,511 - masks - DEBUG: Маска номера счета: **2750
2024-10-29 16:22:24,511 - masks - INFO: Маска номера счета сгенерирована успешно
2024-10-29 16:22:24,511 - masks - DEBUG: Получен номер карты
2024-10-29 16:22:24,511 - masks - DEBUG: Маска номера карты: 1650 62** **** 1392
2024-10-29 16:22:24,511 - masks - INFO: Маска номера карты сгенерирована успешно
2024-10-29 16:22:24,511 - masks - DEBUG: Получен номер карты
2024-10-29 16:22:24,511 - masks - DEBUG: Маска номера карты: 8796 35** **** 3845
2024-10-29 16:22:24,511 - masks - INFO: Маска номера карты сгенерирована успешно
2024-10-29 16:22:24,511 - masks - DEBUG: Получен номер карты
2024-10-29 16:22:24,511 - masks - DEBUG: Маска номера карты: 5594 28** **** 2265
2024-10-29 16:22:24,511 - masks - INFO: Маска номера карты сгенерирована успешно
2024-10-29 16:22:24,511 - masks - DEBUG: Получен номер карты
2024-10-29 16:22:24,511 - masks - DEBUG: Маска номера карты: 1874 21** **** 5929
2024-10-29 16:22:24,511 - masks - INFO: Маска номера карты сгенерирована успешно
2024-10-29 16:22:24,511 - masks - DEBUG: Получен номер карты
2024-10-29 16:22:24,511 - masks - DEBUG: Маска номера карты: 4532 06** **** 5387
2024-10-29 16:22:24,511 - masks - INFO: Маска номера карты сгенерирована успешно
2024-10-29 16:22:24,511 - masks - DEBUG: Получен номер счета
2024-10-29 16:22:24,511 - masks - DEBUG: Маска номера счета: **8131
2024-10-29 16:22:24,511 - masks - INFO: Маска номера счета сгенерирована успешно
2024-10-29 16:22:24,511 - masks - DEBUG: Получен номер счета
2024-10-29 16:22:24,511 - masks - DEBUG: Маска номера счета: **4498
2024-10-29 16:22:24,511 - masks - INFO: Маска номера счета сгенерирована успешно
2024-10-29 16:22:24,511 - masks - DEBUG: Получен номер счета
2024-10-29 16:22:24,511 - masks - DEBUG: Маска номера счета: **3407
2024-10-29 16:22:24,511 - masks - INFO: Маска номера счета сгенерирована успешно
2024-10-29 16:22:24,511 - masks - DEBUG: Получен номер карты
2024-10-29 16:22:24,511 - masks - DEBUG: Маска номера карты: 9318 08** **** 5892
2024-10-29 16:22:24,511 - masks - INFO: Маска номера карты сгенерирована успешно
2024-10-29 16:22:24,511 - masks - DEBUG: Получен номер карты
2024-10-29 16:22:24,511 - masks - DEBUG: Маска номера карты: 3064 56** **** 8585
2024-10-29 16:22:24,511 - masks - INFO: Маска номера карты сгенерирована успешно
2024-10-29 16:22:24,511 - masks - DEBUG: Получен номер карты
2024-10-29 16:22:24,511 - masks - DEBUG: Маска номера карты: 7422 54** **** 5073
2024-10-29 16:22:24,511 - masks - INFO: Маска номера карты сгенерирована успешно
2024-10-29 16:22:24,511 - masks - DEBUG: Получен номер карты
2024-10-29 16:22:24,511 - masks - DEBUG: Маска номера карты: 8192 85** **** 0222
2024-10-29 16:22:24,511 - masks - INFO: Маска номера карты сгенерирована успешно
2024-10-29 16:22:24,511 - masks - DEBUG: Получен номер карты
2024-10-29 16:22:24,511 - masks - DEBUG: Маска номера карты: 1403 20** **** 9918
2024-10-29 16:22:24,511 - masks - INFO: Маска номера карты сгенерирована успешно
2024-10-29 16:22:24,511 - masks - DEBUG: Получен номер карты
2024-10-29 16:22:24,511 - masks - DEBUG: Маска номера карты: 0122 81** **** 7249
2024-10-29 16:22:24,511 - masks - INFO: Маска номера карты сгенерирована успешно
2024-10-29 16:22:24,511 - masks - DEBUG: Получен номер карты
2024-10-29 16:22:24,511 - masks - DEBUG: Маска номера карты: 0320 58** **** 6520
2024-10-29 16:22:24,511 - masks - INFO: Маска номера карты сгенерирована успешно
2024-10-29 16:22:24,511 - masks - DEBUG: Получен номер карты
2024-10-29 16:22:24,511 - masks - DEBUG: Маска номера карты: 7912 46** **** 8187
2024-10-29 16:22:24,511 - masks - INFO: Маска номера карты сгенерирована успешно
2024-10-29 16:22:24,511 - masks - DEBUG: Получен номер счета
2024-10-29 16:22:24,511 - masks - DEBUG: Маска номера счета: **4194
2024-10-29 16:22:24,511 - masks - INFO: Маска номера счета сгенерирована успешно
2024-10-29 16:22:24,511 - masks - DEBUG: Получен номер счета
2024-10-29 16:22:24,511 - masks - DEBUG: Маска номера счета: **9593
2024-10-29 16:22:24,511 - masks - INFO: Маска номера счета сгенерирована успешно
2024-10-29 16:22:24,511 - masks - DEBUG: Получен номер карты
2024-10-29 16:22:24,511 - masks - DEBUG: Маска номера карты: 7813 75** **** 0417
2024-10-29 16:22:24,511 - masks - INFO: Маска номера карты сгенерирована успешно
2024-10-29 16:22:24,511 - masks - DEBUG: Получен номер карты
2024-10-29 16:22:24,511 - masks - DEBUG: Маска номера карты: 3056 95** **** 5379
2024-10-29 16:22:24,511 - masks - INFO: Маска номера карты сгенерирована успешно
2024-10-29 16:22:24,511 - masks - DEBUG: Получен номер карты
2024-10-29 16:22:24,511 - masks - DEBUG: Маска номера карты: 8025 48** **** 0082
2024-10-29 16:22:24,511 - masks - INFO: Маска номера карты сгенерирована успешно
2024-10-29 16:22:24,511 - masks - DEBUG: Получен номер карты
2024-10-29 16:22:24,511 - masks - DEBUG: Маска номера карты: 7955 89** **** 2061
2024-10-29 16:22:24,511 - masks - INFO: Маска номера карты сгенерирована успешно
2024-10-29 16:22:24,511 - masks - DEBUG: Получен номер карты
2024-10-29 16:22:24,511 - masks - DEBUG: Маска номера карты: 3114 29** **** 4570
2024-10-29 16:22:24,511 - masks - INFO: Маска номера карты сгенерирована успешно
2024-10-29 16:22:24,511 - masks - DEBUG: Получен номер карты
2024-10-29 16:22:24,511 - masks - DEBUG: Маска номера карты: 1605 49** **** 8180
2024-10-29 16:22:24,511 - masks - INFO: Маска номера карты сгенерирована успешно
2024-10-29 16:22:24,511 - masks - DEBUG: Получен номер карты
2024-10-29 16:22:24,511 - masks - DEBUG: Маска номера карты: 7975 88** **** 6337
2024-10-29 16:22:24,511 - masks - INFO: Маска номера карты сгенерирована успешно
2024-10-29 16:22:24,511 - masks - DEBUG: Получен номер счета
2024-10-29 16:22:24,511 - masks - DEBUG: Маска номера счета: **1020
2024-10-29 16:22:24,511 - masks - INFO: Маска номера счета сгенерирована успешно
2024-10-29 16:22:24,511 - masks - DEBUG: Получен номер карты
2024-10-29 16:22:24,511 - masks - DEBUG: Маска номера карты: 7907 51** **** 4670
2024-10-29 16:22:24,511 - masks - INFO: Маска номера карты сгенерирована успешно
2024-10-29 16:22:24,511 - masks - DEBUG: Получен номер карты
2024-10-29 16:22:24,511 - masks - DEBUG: Маска номера карты: 8591 75** **** 6305
2024-10-29 16:22:24,511 - masks - INFO: Маска номера карты сгенерирована успешно
2024-10-29 16:22:24,511 - masks - DEBUG: Получен номер карты
2024-10-29 16:22:24,511 - masks - DEBUG: Маска номера карты: 7814 44** **** 6236
2024-10-29 16:22:24,511 - masks - INFO: Маска номера карты сгенерирована успешно
2024-10-29 16:22:24,511 - masks - DEBUG: Получен номер карты
2024-10-29 16:22:24,511 - masks - DEBUG: Маска номера карты: 6064 34** **** 3782
2024-10-29 16:22:24,511 - masks - INFO: Маска номера карты сгенерирована успешно
2024-10-29 16:22:24,511 - masks - DEBUG: Получен номер карты
2024-10-29 16:22:24,511 - masks - DEBUG: Маска номера карты: 0550 07** **** 8437
2024-10-29 16:22:24,511 - masks - INFO: Маска номера карты сгенерирована успешно
2024-10-29 16:22:24,511 - masks - DEBUG: Получен номер карты
2024-10-29 16:22:24,511 - masks - DEBUG: Маска номера карты: 1833 18** **** 3095
2024-10-29 16:22:24,511 - masks - INFO: Маска номера карты сгенерирована успешно
2024-10-29 16:22:24,511 - masks - DEBUG: Получен номер карты
2024-10-29 16:22:24,511 - masks - DEBUG: Маска номера карты: 7051 45** **** 8808
2024-10-29 16:22:24,511 - masks - INFO: Маска номера карты сгенерирована успешно
2024-10-29 16:22:24,511 - masks - DEBUG: Получен номер карты
2024-10-29 16:22:24,511 - masks - DEBUG: Маска номера карты: 2501 49** **** 5818
2024-10-29 16:22:24,511 - masks - INFO: Маска номера карты сгенерирована успешно
2024-10-29 16:22:24,511 - masks - DEBUG: Получен номер карты
2024-10-29 16:22:24,511 - masks - DEBUG: Маска номера карты: 1735 25** **** 3974
2024-10-29 16:22:24,511 - masks - INFO: Маска номера карты сгенерирована успешно
2024-10-29 16:22:24,511 - masks - DEBUG: Получен номер карты
2024-10-29 16:22:24,511 - masks - DEBUG: Маска номера карты: 1863 77** **** 9382
2024-10-29 16:22:24,511 - masks - INFO: Маска номера карты сгенерирована успешно
2024-10-29 16:22:24,511 - masks - DEBUG: Получен номер карты
2024-10-29 16:22:24,511 - masks - DEBUG: Маска номера карты: 1375 08** **** 2188
2024-10-29 16:22:24,511 - masks - INFO: Маска номера карты сгенерирована успешно
2024-10-29 16:22:24,511 - masks - DEBUG: Получен номер карты
2024-10-29 16:22:24,511 - masks - DEBUG: Маска номера карты: 4035 13** **** 5830
2024-10-29 16:22:24,511 - masks - INFO: Маска номера карты сгенерирована успешно
2024-10-29 16:22:24,511 - masks - DEBUG: Получен номер карты
2024-10-29 16:22:24,511 - masks - DEBUG: Маска номера карты: 9047 86** **** 3535
2024-10-29 16:22:24,511 - masks - INFO: Маска номера карты сгенерирована успешно
2024-10-29 16:22:24,511 - masks - DEBUG: Получен номер карты
2024-10-29 16:22:24,511 - masks - DEBUG: Маска номера карты: 6288 24** **** 4818
2024-10-29 16:22:24,511 - masks - INFO: Маска номера карты сгенерирована успешно
2024-10-29 16:22:24,511 - masks - DEBUG: Получен номер карты
2024-10-29 16:22:24,511 - masks - DEBUG: Маска номера карты: 9300 24** **** 2997
2024-10-29 16:22:24,511 - masks - INFO: Маска номера карты сгенерирована успешно
2024-10-29 16:22:24,511 - masks - DEBUG: Получен номер карты
2024-10-29 16:22:24,511 - masks - DEBUG: Маска номера карты: 7746 45** **** 2564
2024-10-29 16:22:24,511 - masks - INFO: Маска номера карты сгенерирована успешно
2024-10-29 16:22:24,522 - masks - DEBUG: Получен номер карты
2024-10-29 16:22:24,522 - masks - DEBUG: Маска номера карты: 2497 51** **** 2457
2024-10-29 16:22:24,522 - masks - INFO: Маска номера карты сгенерирована успешно
2024-10-29 16:22:24,522 - masks - DEBUG: Получен номер счета
2024-10-29 16:22:24,522 - masks - DEBUG: Маска номера счета: **3025
2024-10-29 16:22:24,522 - masks - INFO: Маска номера счета сгенерирована успешно
2024-10-29 16:22:24,522 - masks - DEBUG: Получен номер карты
2024-10-29 16:22:24,522 - masks - DEBUG: Маска номера карты: 9061 48** **** 6971
2024-10-29 16:22:24,522 - masks - INFO: Маска номера карты сгенерирована успешно
2024-10-29 16:22:24,522 - masks - DEBUG: Получен номер карты
2024-10-29 16:22:24,522 - masks - DEBUG: Маска номера карты: 9287 02** **** 5725
2024-10-29 16:22:24,522 - masks - INFO: Маска номера карты сгенерирована успешно
2024-10-29 16:22:24,522 - masks - DEBUG: Получен номер карты
2024-10-29 16:22:24,522 - masks - DEBUG: Маска номера карты: 6604 90** **** 3273
2024-10-29 16:22:24,522 - masks - INFO: Маска номера карты сгенерирована успешно
2024-10-29 16:22:24,522 - masks - DEBUG: Получен номер счета
2024-10-29 16:22:24,522 - masks - DEBUG: Маска номера счета: **1005
2024-10-29 16:22:24,522 - masks - INFO: Маска номера счета сгенерирована успешно
2024-10-29 16:22:24,522 - masks - DEBUG: Получен номер карты
2024-10-29 16:22:24,522 - masks - DEBUG: Маска номера карты: 8846 87** **** 8520
2024-10-29 16:22:24,522 - masks - INFO: Маска номера карты сгенерирована успешно
2024-10-29 16:22:24,522 - masks - DEBUG: Получен номер карты
2024-10-29 16:22:24,522 - masks - DEBUG: Маска номера карты: 7124 94** **** 4401
2024-10-29 16:22:24,522 - masks - INFO: Маска номера карты сгенерирована успешно
2024-10-29 16:22:24,522 - masks - DEBUG: Получен номер карты
2024-10-29 16:22:24,522 - masks - DEBUG: Маска номера карты: 0928 75** **** 7555
2024-10-29 16:22:24,522 - masks - INFO: Маска номера карты сгенерирована успешно
2024-10-29 16:22:24,522 - masks - DEBUG: Получен номер карты
2024-10-29 16:22:24,522 - masks - DEBUG: Маска номера карты: 7859 38** **** 2251
2024-10-29 16:22:24,522 - masks - INFO: Маска номера карты сгенерирована успешно
2024-10-29 16:22:24,522 - masks - DEBUG: Получен номер карты
2024-10-29 16:22:24,522 - masks - DEBUG: Маска номера карты: 4182 31** **** 3942
2024-10-29 16:22:24,522 - masks - INFO: Маска номера карты сгенерирована успешно
2024-10-29 16:22:24,522 - masks - DEBUG: Получен номер карты
2024-10-29 16:22:24,522 - masks - DEBUG: Маска номера карты: 0314 17** **** 6302
2024-10-29 16:22:24,522 - masks - INFO: Маска номера карты сгенерирована успешно
2024-10-29 16:22:24,522 - masks - DEBUG: Получен номер счета
2024-10-29 16:22:24,522 - masks - DEBUG: Маска номера счета: **9751
2024-10-29 16:22:24,522 - masks - INFO: Маска номера счета сгенерирована успешно
2024-10-29 16:22:24,522 - masks - DEBUG: Получен номер счета
2024-10-29 16:22:24,522 - masks - DEBUG: Маска номера счета: **4348
2024-10-29 16:22:24,522 - masks - INFO: Маска номера счета сгенерирована успешно
2024-10-29 16:22:24,522 - masks - DEBUG: Получен номер карты
2024-10-29 16:22:24,522 - masks - DEBUG: Маска номера карты: 7708 41** **** 9406
2024-10-29 16:22:24,522 - masks - INFO: Маска номера карты сгенерирована успешно
2024-10-29 16:22:24,522 - masks - DEBUG: Получен номер карты
2024-10-29 16:22:24,522 - masks - DEBUG: Маска номера карты: 5916 73** **** 3595
2024-10-29 16:22:24,522 - masks - INFO: Маска номера карты сгенерирована успешно
2024-10-29 16:22:24,522 - masks - DEBUG: Получен номер карты
2024-10-29 16:22:24,522 - masks - DEBUG: Маска номера карты: 4802 76** **** 4247
2024-10-29 16:22:24,522 - masks - INFO: Маска номера карты сгенерирована успешно
2024-10-29 16:22:24,522 - masks - DEBUG: Получен номер карты
2024-10-29 16:22:24,522 - masks - DEBUG: Маска номера карты: 6703 07** **** 1620
2024-10-29 16:22:24,522 - masks - INFO: Маска номера карты сгенерирована успешно
2024-10-29 16:22:24,522 - masks - DEBUG: Получен номер карты
2024-10-29 16:22:24,522 - masks - DEBUG: Маска номера карты: 8056 23** **** 1077
2024-10-29 16:22:24,522 - masks - INFO: Маска номера карты сгенерирована успешно
2024-10-29 16:22:24,522 - masks - DEBUG: Получен номер карты
2024-10-29 16:22:24,522 - masks - DEBUG: Маска номера карты: 9921 56** **** 8134
2024-10-29 16:22:24,522 - masks - INFO: Маска номера карты сгенерирована успешно
2024-10-29 16:22:24,522 - masks - DEBUG: Получен номер карты
2024-10-29 16:22:24,522 - masks - DEBUG: Маска номера карты: 4240 96** **** 3537
2024-10-29 16:22:24,522 - masks - INFO: Маска номера карты сгенерирована успешно
2024-10-29 16:22:24,522 - masks - DEBUG: Получен номер карты
2024-10-29 16:22:24,522 - masks - DEBUG: Маска номера карты: 8281 82** **** 9707
2024-10-29 16:22:24,522 - masks - INFO: Маска номера карты сгенерирована успешно
2024-10-29 16:22:24,522 - masks - DEBUG: Получен номер карты
2024-10-29 16:22:24,522 - masks - DEBUG: Маска номера карты: 8506 30** **** 4018
2024-10-29 16:22:24,522 - masks - INFO: Маска номера карты сгенерирована успешно
2024-10-29 16:22:24,522 - masks - DEBUG: Получен номер карты
2024-10-29 16:22:24,522 - masks - DEBUG: Маска номера карты: 4328 16** **** 2001
2024-10-29 16:22:24,522 - masks - INFO: Маска номера карты сгенерирована успешно
2024-10-29 16:22:24,522 - masks - DEBUG: Получен номер карты
2024-10-29 16:22:24,522 - masks - DEBUG: Маска номера карты: 5677 74** **** 1466
2024-10-29 16:22:24,522 - masks - INFO: Маска номера карты сгенерирована успешно
2024-10-29 16:22:24,522 - masks - DEBUG: Получен номер карты
2024-10-29 16:22:24,522 - masks - DEBUG: Маска номера карты: 7714 92** **** 4469
2024-10-29 16:22:24,522 - masks - INFO: Маска номера карты сгенерирована успешно
2024-10-29 16:22:24,522 - masks - DEBUG: Получен номер карты
2024-10-29 16:22:24,522 - masks - DEBUG: Маска номера карты: 8458 96** **** 8130
2024-10-29 16:22:24,522 - masks - INFO: Маска номера карты сгенерирована успешно
2024-10-29 16:22:24,522 - masks - DEBUG: Получен номер карты
2024-10-29 16:22:24,522 - masks - DEBUG: Маска номера карты: 4931 36** **** 9209
2024-10-29 16:22:24,522 - masks - INFO: Маска номера карты сгенерирована успешно
2024-10-29 16:22:24,522 - masks - DEBUG: Получен номер карты
2024-10-29 16:22:24,522 - masks - DEBUG: Маска номера карты: 0560 25** **** 3874
2024-10-29 16:22:24,522 - masks - INFO: Маска номера карты сгенерирована успешно
2024-10-29 16:22:24,522 - masks - DEBUG: Получен номер счета
2024-10-29 16:22:24,522 - masks - DEBUG: Маска номера счета: **3522
2024-10-29 16:22:24,522 - masks - INFO: Маска номера счета сгенерирована успешно
2024-10-29 16:22:24,522 - masks - DEBUG: Получен номер карты
2024-10-29 16:22:24,522 - masks - DEBUG: Маска номера карты: 3956 06** **** 6768
2024-10-29 16:22:24,522 - masks - INFO: Маска номера карты сгенерирована успешно
2024-10-29 16:22:24,522 - masks - DEBUG: Получен номер карты
2024-10-29 16:22:24,522 - masks - DEBUG: Маска номера карты: 3740 39** **** 3943
2024-10-29 16:22:24,522 - masks - INFO: Маска номера карты сгенерирована успешно
2024-10-29 16:22:24,522 - masks - DEBUG: Получен номер карты
2024-10-29 16:22:24,522 - masks - DEBUG: Маска номера карты: 5925 46** **** 7812
2024-10-29 16:22:24,522 - masks - INFO: Маска номера карты сгенерирована успешно
2024-10-29 16:22:24,522 - masks - DEBUG: Получен номер карты
2024-10-29 16:22:24,522 - masks - DEBUG: Маска номера карты: 5379 23** **** 0019
2024-10-29 16:22:24,522 - masks - INFO: Маска номера карты сгенерирована успешно
2024-10-29 16:22:24,522 - masks - DEBUG: Получен номер счета
2024-10-29 16:22:24,522 - masks - DEBUG: Маска номера счета: **2472
2024-10-29 16:22:24,522 - masks - INFO: Маска номера счета сгенерирована успешно
2024-10-29 16:22:24,522 - masks - DEBUG: Получен номер счета
2024-10-29 16:22:24,522 - masks - DEBUG: Маска номера счета: **4845
2024-10-29 16:22:24,522 - masks - INFO: Маска номера счета сгенерирована успешно
2024-10-29 16:22:24,522 - masks - DEBUG: Получен номер карты
2024-10-29 16:22:24,522 - masks - DEBUG: Маска номера карты: 4913 62** **** 8951
2024-10-29 16:22:24,522 - masks - INFO: Маска номера карты сгенерирована успешно
2024-10-29 16:22:24,522 - masks - DEBUG: Получен номер карты
2024-10-29 16:22:24,522 - masks - DEBUG: Маска номера карты: 0154 96** **** 1758
2024-10-29 16:22:24,522 - masks - INFO: Маска номера карты сгенерирована успешно
2024-10-29 16:22:24,522 - masks - DEBUG: Получен номер карты
2024-10-29 16:22:24,522 - masks - DEBUG: Маска номера карты: 5920 43** **** 5792
2024-10-29 16:22:24,522 - masks - INFO: Маска номера карты сгенерирована успешно
2024-10-29 16:22:24,522 - masks - DEBUG: Получен номер карты
2024-10-29 16:22:24,522 - masks - DEBUG: Маска номера карты: 5130 77** **** 7437
2024-10-29 16:22:24,522 - masks - INFO: Маска номера карты сгенерирована успешно
2024-10-29 16:22:24,522 - masks - DEBUG: Получен номер счета
2024-10-29 16:22:24,522 - masks - DEBUG: Маска номера счета: **4655
2024-10-29 16:22:24,522 - masks - INFO: Маска номера счета сгенерирована успешно
2024-10-29 16:22:24,522 - masks - DEBUG: Получен номер счета
2024-10-29 16:22:24,522 - masks - DEBUG: Маска номера счета: **7825
2024-10-29 16:22:24,522 - masks - INFO: Маска номера счета сгенерирована успешно
2024-10-29 16:22:24,522 - masks - DEBUG: Получен номер карты
2024-10-29 16:22:24,522 - masks - DEBUG: Маска номера карты: 4907 90** **** 4284
2024-10-29 16:22:24,522 - masks - INFO: Маска номера карты сгенерирована успешно
2024-10-29 16:22:24,522 - masks - DEBUG: Получен номер счета
2024-10-29 16:22:24,522 - masks - DEBUG: Маска номера счета: **3504
2024-10-29 16:22:24,522 - masks - INFO: Маска номера счета сгенерирована успешно
2024-10-29 16:22:24,522 - masks - DEBUG: Получен номер карты
2024-10-29 16:22:24,522 - masks - DEBUG: Маска номера карты: 2357 18** **** 7496
2024-10-29 16:22:24,522 - masks - INFO: Маска номера карты сгенерирована успешно
2024-10-29 16:22:24,522 - masks - DEBUG: Получен номер карты
2024-10-29 16:22:24,522 - masks - DEBUG: Маска номера карты: 5381 62** **** 8491
2024-10-29 16:22:24,522 - masks - INFO: Маска номера карты сгенерирована успешно
2024-10-29 16:22:24,522 - masks - DEBUG: Получен номер карты
2024-10-29 16:22:24,522 - masks - DEBUG: Маска номера карты: 7711 39** **** 7144
2024-10-29 16:22:24,522 - masks - INFO: Маска номера карты сгенерирована успешно
2024-10-29 16:22:24,522 - masks - DEBUG: Получен номер карты
2024-10-29 16:22:24,522 - masks - DEBUG: Маска номера карты: 9408 05** **** 1910
2024-10-29 16:22:24,522 - masks - INFO: Маска номера карты сгенерирована успешно
2024-10-29 16:22:24,522 - masks - DEBUG: Получен номер карты
2024-10-29 16:22:24,522 - masks - DEBUG: Маска номера карты: 7920 30** **** 1485
2024-10-29 16:22:24,522 - masks - INFO: Маска номера карты сгенерирована успешно
2024-10-29 16:22:24,522 - masks - DEBUG: Получен номер карты
2024-10-29 16:22:24,522 - masks - DEBUG: Маска номера карты: 8732 10** **** 0432
2024-10-29 16:22:24,522 - masks - INFO: Маска номера карты сгенерирована успешно
2024-10-29 16:22:24,522 - masks - DEBUG: Получен номер карты
2024-10-29 16:22:24,522 - masks - DEBUG: Маска номера карты: 6032 81** **** 6512
2024-10-29 16:22:24,522 - masks - INFO: Маска номера карты сгенерирована успешно
2024-10-29 16:22:24,522 - masks - DEBUG: Получен номер карты
2024-10-29 16:22:24,522 - masks - DEBUG: Маска номера карты: 8822 34** **** 9848
2024-10-29 16:22:24,522 - masks - INFO: Маска номера карты сгенерирована успешно
2024-10-29 16:22:24,522 - masks - DEBUG: Получен номер карты
2024-10-29 16:22:24,522 - masks - DEBUG: Маска номера карты: 3140 59** **** 8890
2024-10-29 16:22:24,522 - masks - INFO: Маска номера карты сгенерирована успешно
2024-10-29 16:22:24,522 - masks - DEBUG: Получен номер карты
2024-10-29 16:22:24,522 - masks - DEBUG: Маска номера карты: 9908 40** **** 5145
2024-10-29 16:22:24,522 - masks - INFO: Маска номера карты сгенерирована успешно
2024-10-29 16:22:24,522 - masks - DEBUG: Получен номер карты
2024-10-29 16:22:24,522 - masks - DEBUG: Маска номера карты: 6991 17** **** 0426
2024-10-29 16:22:24,522 - masks - INFO: Маска номера карты сгенерирована успешно
2024-10-29 16:22:24,522 - masks - DEBUG: Получен номер карты
2024-10-29 16:22:24,522 - masks - DEBUG: Маска номера карты: 6952 85** **** 1367
2024-10-29 16:22:24,522 - masks - INFO: Маска номера карты сгенерирована успешно
2024-10-29 16:22:24,522 - masks - DEBUG: Получен номер карты
2024-10-29 16:22:24,522 - masks - DEBUG: Маска номера карты: 7461 37** **** 4145
2024-10-29 16:22:24,522 - masks - INFO: Маска номера карты сгенерирована успешно
2024-10-29 16:22:24,522 - masks - DEBUG: Получен номер карты
2024-10-29 16:22:24,522 - masks - DEBUG: Маска номера карты: 7372 92** **** 9798
2024-10-29 16:22:24,522 - masks - INFO: Маска номера карты сгенерирована успешно
2024-10-29 16:22:24,522 - masks - DEBUG: Получен номер карты
2024-10-29 16:22:24,522 - masks - DEBUG: Маска номера карты: 4788 54** **** 4886
2024-10-29 16:22:24,522 - masks - INFO: Маска номера карты сгенерирована успешно
2024-10-29 16:22:24,522 - masks - DEBUG: Получен номер карты
2024-10-29 16:22:24,522 - masks - DEBUG: Маска номера карты: 7274 43** **** 3214
2024-10-29 16:22:24,522 - masks - INFO: Маска номера карты сгенерирована успешно
2024-10-29 16:22:24,522 - masks - DEBUG: Получен номер карты
2024-10-29 16:22:24,522 - masks - DEBUG: Маска номера карты: 8449 85** **** 3260
2024-10-29 16:22:24,522 - masks - INFO: Маска номера карты сгенерирована успешно
2024-10-29 16:22:24,522 - masks - DEBUG: Получен номер карты
2024-10-29 16:22:24,522 - masks - DEBUG: Маска номера карты: 5256 42** **** 1168
2024-10-29 16:22:24,522 - masks - INFO: Маска номера карты сгенерирована успешно
2024-10-29 16:22:24,522 - masks - DEBUG: Получен номер карты
2024-10-29 16:22:24,522 - masks - DEBUG: Маска номера карты: 2535 94** **** 4890
2024-10-29 16:22:24,522 - masks - INFO: Маска номера карты сгенерирована успешно
2024-10-29 16:22:24,522 - masks - DEBUG: Получен номер карты
2024-10-29 16:22:24,522 - masks - DEBUG: Маска номера карты: 7878 46** **** 5650
2024-10-29 16:22:24,522 - masks - INFO: Маска номера карты сгенерирована успешно
2024-10-29 16:22:24,522 - masks - DEBUG: Получен номер карты
2024-10-29 16:22:24,522 - masks - DEBUG: Маска номера карты: 0033 66** **** 4770
2024-10-29 16:22:24,522 - masks - INFO: Маска номера карты сгенерирована успешно
2024-10-29 16:22:24,522 - masks - DEBUG: Получен номер карты
2024-10-29 16:22:24,522 - masks - DEBUG: Маска номера карты: 2875 62** **** 5723
2024-10-29 16:22:24,522 - masks - INFO: Маска номера карты сгенерирована успешно
2024-10-29 16:22:24,522 - masks - DEBUG: Получен номер карты
2024-10-29 16:22:24,522 - masks - DEBUG: Маска номера карты: 7663 04** **** 1384
2024-10-29 16:22:24,522 - masks - INFO: Маска номера карты сгенерирована успешно
2024-10-29 16:22:24,522 - masks - DEBUG: Получен номер счета
2024-10-29 16:22:24,522 - masks - DEBUG: Маска номера счета: **9543
2024-10-29 16:22:24,522 - masks - INFO: Маска номера счета сгенерирована успешно
2024-10-29 16:22:24,522 - masks - DEBUG: Получен номер карты
2024-10-29 16:22:24,522 - masks - DEBUG: Маска номера карты: 5488 18** **** 0861
2024-10-29 16:22:24,522 - masks - INFO: Маска номера карты сгенерирована успешно
2024-10-29 16:22:24,522 - masks - DEBUG: Получен номер счета
2024-10-29 16:22:24,522 - masks - DEBUG: Маска номера счета: **1390
2024-10-29 16:22:24,522 - masks - INFO: Маска номера счета сгенерирована успешно
2024-10-29 16:22:24,522 - masks - DEBUG: Получен номер карты
2024-10-29 16:22:24,522 - masks - DEBUG: Маска номера карты: 7986 44** **** 2194
2024-10-29 16:22:24,522 - masks - INFO: Маска номера карты сгенерирована успешно
2024-10-29 16:22:24,522 - masks - DEBUG: Получен номер карты
2024-10-29 16:22:24,522 - masks - DEBUG: Маска номера карты: 8862 36** **** 2151
2024-10-29 16:22:24,522 - masks - INFO: Маска номера карты сгенерирована успешно
2024-10-29 16:22:24,522 - masks - DEBUG: Получен номер карты
2024-10-29 16:22:24,522 - masks - DEBUG: Маска номера карты: 2340 38** **** 6363
2024-10-29 16:22:24,522 - masks - INFO: Маска номера карты сгенерирована успешно
2024-10-29 16:22:24,522 - masks - DEBUG: Получен номер карты
2024-10-29 16:22:24,522 - masks - DEBUG: Маска номера карты: 5488 19** **** 4002
2024-10-29 16:22:24,522 - masks - INFO: Маска номера карты сгенерирована успешно
2024-10-29 16:22:24,522 - masks - DEBUG: Получен номер карты
2024-10-29 16:22:24,522 - masks - DEBUG: Маска номера карты: 5632 47** **** 5268
2024-10-29 16:22:24,522 - masks - INFO: Маска номера карты сгенерирована успешно
2024-10-29 16:22:24,522 - masks - DEBUG: Получен номер карты
2024-10-29 16:22:24,522 - masks - DEBUG: Маска номера карты: 2198 40** **** 8148
2024-10-29 16:22:24,522 - masks - INFO: Маска номера карты сгенерирована успешно
2024-10-29 16:22:24,522 - masks - DEBUG: Получен номер карты
2024-10-29 16:22:24,522 - masks - DEBUG: Маска номера карты: 9043 37** **** 1742
2024-10-29 16:22:24,522 - masks - INFO: Маска номера карты сгенерирована успешно
2024-10-29 16:22:24,522 - masks - DEBUG: Получен номер карты
2024-10-29 16:22:24,522 - masks - DEBUG: Маска номера карты: 6734 46** **** 1149
2024-10-29 16:22:24,522 - masks - INFO: Маска номера карты сгенерирована успешно
2024-10-29 16:22:24,522 - masks - DEBUG: Получен номер счета
2024-10-29 16:22:24,522 - masks - DEBUG: Маска номера счета: **9140
2024-10-29 16:22:24,522 - masks - INFO: Маска номера счета сгенерирована успешно
2024-10-29 16:22:24,522 - masks - DEBUG: Получен номер счета
2024-10-29 16:22:24,522 - masks - DEBUG: Маска номера счета: **3898
2024-10-29 16:22:24,522 - masks - INFO: Маска номера счета сгенерирована успешно
2024-10-29 16:22:24,522 - masks - DEBUG: Получен номер карты
2024-10-29 16:22:24,522 - masks - DEBUG: Маска номера карты: 5877 94** **** 9795
2024-10-29 16:22:24,522 - masks - INFO: Маска номера карты сгенерирована успешно
2024-10-29 16:22:24,522 - masks - DEBUG: Получен номер счета
2024-10-29 16:22:24,522 - masks - DEBUG: Маска номера счета: **0675
2024-10-29 16:22:24,522 - masks - INFO: Маска номера счета сгенерирована успешно
2024-10-29 16:22:24,522 - masks - DEBUG: Получен номер карты
2024-10-29 16:22:24,522 - masks - DEBUG: Маска номера карты: 4485 54** **** 2146
2024-10-29 16:22:24,522 - masks - INFO: Маска номера карты сгенерирована успешно
2024-10-29 16:22:24,522 - masks - DEBUG: Получен номер счета
2024-10-29 16:22:24,522 - masks - DEBUG: Маска номера счета: **7912
2024-10-29 16:22:24,522 - masks - INFO: Маска номера счета сгенерирована успешно
2024-10-29 16:22:24,522 - masks - DEBUG: Получен номер карты
2024-10-29 16:22:24,522 - masks - DEBUG: Маска номера карты: 3148 65** **** 5848
2024-10-29 16:22:24,522 - masks - INFO: Маска номера карты сгенерирована успешно
2024-10-29 16:22:24,522 - masks - DEBUG: Получен номер карты
2024-10-29 16:22:24,522 - masks - DEBUG: Маска номера карты: 3531 92** **** 1737
2024-10-29 16:22:24,522 - masks - INFO: Маска номера карты сгенерирована успешно
2024-10-29 16:22:24,522 - masks - DEBUG: Получен номер карты
2024-10-29 16:22:24,522 - masks - DEBUG: Маска номера карты: 9726 21** **** 5094
2024-10-29 16:22:24,522 - masks - INFO: Маска номера карты сгенерирована успешно
2024-10-29 16:22:24,522 - masks - DEBUG: Получен номер карты
2024-10-29 16:22:24,522 - masks - DEBUG: Маска номера карты: 9117 69** **** 7013
2024-10-29 16:22:24,522 - masks - INFO: Маска номера карты сгенерирована успешно
2024-10-29 16:22:24,522 - masks - DEBUG: Получен номер карты
2024-10-29 16:22:24,522 - masks - DEBUG: Маска номера карты: 5060 76** **** 5972
2024-10-29 16:22:24,522 - masks - INFO: Маска номера карты сгенерирована успешно
2024-10-29 16:22:24,522 - masks - DEBUG: Получен номер карты
2024-10-29 16:22:24,522 - masks - DEBUG: Маска номера карты: 7442 86** **** 0578
2024-10-29 16:22:24,522 - masks - INFO: Маска номера карты сгенерирована успешно
2024-10-29 16:22:24,522 - masks - DEBUG: Получен номер карты
2024-10-29 16:22:24,522 - masks - DEBUG: Маска номера карты: 0096 29** **** 1012
2024-10-29 16:22:24,522 - masks - INFO: Маска номера карты сгенерирована успешно
2024-10-29 16:22:24,522 - masks - DEBUG: Получен номер карты
2024-10-29 16:22:24,522 - masks - DEBUG: Маска номера карты: 3918 42** **** 7710
2024-10-29 16:22:24,522 - masks - INFO: Маска номера карты сгенерирована успешно
2024-10-29 16:22:24,522 - masks - DEBUG: Получен номер счета
2024-10-29 16:22:24,522 - masks - DEBUG: Маска номера счета: **5596
2024-10-29 16:22:24,522 - masks - INFO: Маска номера счета сгенерирована успешно
2024-10-29 16:22:24,522 - masks - DEBUG: Получен номер счета
2024-10-29 16:22:24,522 - masks - DEBUG: Маска номера счета: **5910
2024-10-29 16:22:24,522 - masks - INFO: Маска номера счета сгенерирована успешно
2024-10-29 16:22:24,522 - masks - DEBUG: Получен номер карты
2024-10-29 16:22:24,522 - masks - DEBUG: Маска номера карты: 8509 76** **** 8281
2024-10-29 16:22:24,522 - masks - INFO: Маска номера карты сгенерирована успешно
2024-10-29 16:22:24,522 - masks - DEBUG: Получен номер счета
2024-10-29 16:22:24,522 - masks - DEBUG: Маска номера счета: **1142
2024-10-29 16:22:24,522 - masks - INFO: Маска номера счета сгенерирована успешно
2024-10-29 16:22:24,522 - masks - DEBUG: Получен номер карты
2024-10-29 16:22:24,522 - masks - DEBUG: Маска номера карты: 1135 20** **** 2054
2024-10-29 16:22:24,522 - masks - INFO: Маска номера карты сгенерирована успешно
2024-10-29 16:22:24,522 - masks - DEBUG: Получен номер карты
2024-10-29 16:22:24,522 - masks - DEBUG: Маска номера карты: 2148 08** **** 8730
2024-10-29 16:22:24,522 - masks - INFO: Маска номера карты сгенерирована успешно
2024-10-29 16:22:24,522 - masks - DEBUG: Получен номер карты
2024-10-29 16:22:24,522 - masks - DEBUG: Маска номера карты: 8924 43** **** 7202
2024-10-29 16:22:24,522 - masks - INFO: Маска номера карты сгенерирована успешно
2024-10-29 16:22:24,522 - masks - DEBUG: Получен номер карты
2024-10-29 16:22:24,522 - masks - DEBUG: Маска номера карты: 5653 66** **** 2651
2024-10-29 16:22:24,522 - masks - INFO: Маска номера карты сгенерирована успешно
2024-10-29 16:22:24,522 - masks - DEBUG: Получен номер карты
2024-10-29 16:22:24,522 - masks - DEBUG: Маска номера карты: 3595 98** **** 8041
2024-10-29 16:22:24,522 - masks - INFO: Маска номера карты сгенерирована успешно
2024-10-29 16:22:24,522 - masks - DEBUG: Получен номер карты
2024-10-29 16:22:24,522 - masks - DEBUG: Маска номера карты: 5094 43** **** 4071
2024-10-29 16:22:24,522 - masks - INFO: Маска номера карты сгенерирована успешно
2024-10-29 16:22:24,522 - masks - DEBUG: Получен номер счета
2024-10-29 16:22:24,522 - masks - DEBUG: Маска номера счета: **0637
2024-10-29 16:22:24,522 - masks - INFO: Маска номера счета сгенерирована успешно
2024-10-29 16:22:24,522 - masks - DEBUG: Получен номер счета
2024-10-29 16:22:24,522 - masks - DEBUG: Маска номера счета: **2624
2024-10-29 16:22:24,522 - masks - INFO: Маска номера счета сгенерирована успешно
2024-10-29 16:22:24,522 - masks - DEBUG: Получен номер счета
2024-10-29 16:22:24,522 - masks - DEBUG: Маска номера счета: **3392
2024-10-29 16:22:24,522 - masks - INFO: Маска номера счета сгенерирована успешно
2024-10-29 16:22:24,522 - masks - DEBUG: Получен номер счета
2024-10-29 16:22:24,522 - masks - DEBUG: Маска номера счета: **5943
2024-10-29 16:22:24,538 - masks - INFO: Маска номера счета сгенерирована успешно
2024-10-29 16:22:24,538 - masks - DEBUG: Получен номер карты
2024-10-29 16:22:24,538 - masks - DEBUG: Маска номера карты: 6237 23** **** 6532
2024-10-29 16:22:24,538 - masks - INFO: Маска номера карты сгенерирована успешно
2024-10-29 16:22:24,538 - masks - DEBUG: Получен номер карты
2024-10-29 16:22:24,538 - masks - DEBUG: Маска номера карты: 6848 15** **** 2711
2024-10-29 16:22:24,538 - masks - INFO: Маска номера карты сгенерирована успешно
2024-10-29 16:22:24,538 - masks - DEBUG: Получен номер карты
2024-10-29 16:22:24,538 - masks - DEBUG: Маска номера карты: 2138 75** **** 7873
2024-10-29 16:22:24,538 - masks - INFO: Маска номера карты сгенерирована успешно
2024-10-29 16:22:24,538 - masks - DEBUG: Получен номер карты
2024-10-29 16:22:24,538 - masks - DEBUG: Маска номера карты: 6594 21** **** 1579
2024-10-29 16:22:24,538 - masks - INFO: Маска номера карты сгенерирована успешно
2024-10-29 16:22:24,538 - masks - DEBUG: Получен номер карты
2024-10-29 16:22:24,538 - masks - DEBUG: Маска номера карты: 0518 99** **** 6535
2024-10-29 16:22:24,538 - masks - INFO: Маска номера карты сгенерирована успешно
2024-10-29 16:22:24,538 - masks - DEBUG: Получен номер счета
2024-10-29 16:22:24,538 - masks - DEBUG: Маска номера счета: **0512
2024-10-29 16:22:24,538 - masks - INFO: Маска номера счета сгенерирована успешно
2024-10-29 16:22:24,538 - masks - DEBUG: Получен номер карты
2024-10-29 16:22:24,538 - masks - DEBUG: Маска номера карты: 7872 17** **** 9387
2024-10-29 16:22:24,538 - masks - INFO: Маска номера карты сгенерирована успешно
2024-10-29 16:22:24,538 - masks - DEBUG: Получен номер карты
2024-10-29 16:22:24,538 - masks - DEBUG: Маска номера карты: 4428 08** **** 9127
2024-10-29 16:22:24,538 - masks - INFO: Маска номера карты сгенерирована успешно
2024-10-29 16:22:24,538 - masks - DEBUG: Получен номер карты
2024-10-29 16:22:24,538 - masks - DEBUG: Маска номера карты: 0625 42** **** 2252
2024-10-29 16:22:24,538 - masks - INFO: Маска номера карты сгенерирована успешно
2024-10-29 16:22:24,538 - masks - DEBUG: Получен номер карты
2024-10-29 16:22:24,538 - masks - DEBUG: Маска номера карты: 2219 83** **** 9604
2024-10-29 16:22:24,538 - masks - INFO: Маска номера карты сгенерирована успешно
2024-10-29 16:22:24,538 - masks - DEBUG: Получен номер счета
2024-10-29 16:22:24,538 - masks - DEBUG: Маска номера счета: **1486
2024-10-29 16:22:24,538 - masks - INFO: Маска номера счета сгенерирована успешно
2024-10-29 16:22:24,538 - masks - DEBUG: Получен номер счета
2024-10-29 16:22:24,538 - masks - DEBUG: Маска номера счета: **5396
2024-10-29 16:22:24,538 - masks - INFO: Маска номера счета сгенерирована успешно
2024-10-29 16:22:24,538 - masks - DEBUG: Получен номер карты
2024-10-29 16:22:24,538 - masks - DEBUG: Маска номера карты: 3498 67** **** 9767
2024-10-29 16:22:24,538 - masks - INFO: Маска номера карты сгенерирована успешно
2024-10-29 16:22:24,538 - masks - DEBUG: Получен номер карты
2024-10-29 16:22:24,538 - masks - DEBUG: Маска номера карты: 9390 49** **** 9370
2024-10-29 16:22:24,538 - masks - INFO: Маска номера карты сгенерирована успешно
2024-10-29 16:22:24,538 - masks - DEBUG: Получен номер счета
2024-10-29 16:22:24,538 - masks - DEBUG: Маска номера счета: **8294
2024-10-29 16:22:24,538 - masks - INFO: Маска номера счета сгенерирована успешно
2024-10-29 16:22:24,538 - masks - DEBUG: Получен номер счета
2024-10-29 16:22:24,538 - masks - DEBUG: Маска номера счета: **9630
2024-10-29 16:22:24,538 - masks - INFO: Маска номера счета сгенерирована успешно
2024-10-29 16:22:24,538 - masks - DEBUG: Получен номер карты
2024-10-29 16:22:24,538 - masks - DEBUG: Маска номера карты: 5399 42** **** 5413
2024-10-29 16:22:24,538 - masks - INFO: Маска номера карты сгенерирована успешно
2024-10-29 16:22:24,538 - masks - DEBUG: Получен номер счета
2024-10-29 16:22:24,538 - masks - DEBUG: Маска номера счета: **3259
2024-10-29 16:22:24,538 - masks - INFO: Маска номера счета сгенерирована успешно
2024-10-29 16:22:24,538 - masks - DEBUG: Получен номер карты
2024-10-29 16:22:24,538 - masks - DEBUG: Маска номера карты: 9504 05** **** 6679
2024-10-29 16:22:24,538 - masks - INFO: Маска номера карты сгенерирована успешно
2024-10-29 16:22:24,538 - masks - DEBUG: Получен номер карты
2024-10-29 16:22:24,538 - masks - DEBUG: Маска номера карты: 9356 10** **** 0747
2024-10-29 16:22:24,538 - masks - INFO: Маска номера карты сгенерирована успешно
2024-10-29 16:22:24,538 - masks - DEBUG: Получен номер карты
2024-10-29 16:22:24,538 - masks - DEBUG: Маска номера карты: 4474 26** **** 9585
2024-10-29 16:22:24,538 - masks - INFO: Маска номера карты сгенерирована успешно
2024-10-29 16:22:24,538 - masks - DEBUG: Получен номер карты
2024-10-29 16:22:24,538 - masks - DEBUG: Маска номера карты: 3885 74** **** 0168
2024-10-29 16:22:24,538 - masks - INFO: Маска номера карты сгенерирована успешно
2024-10-29 16:22:24,538 - masks - DEBUG: Получен номер карты
2024-10-29 16:22:24,538 - masks - DEBUG: Маска номера карты: 8423 82** **** 2994
2024-10-29 16:22:24,538 - masks - INFO: Маска номера карты сгенерирована успешно
2024-10-29 16:22:24,538 - masks - DEBUG: Получен номер карты
2024-10-29 16:22:24,538 - masks - DEBUG: Маска номера карты: 1914 19** **** 0738
2024-10-29 16:22:24,538 - masks - INFO: Маска номера карты сгенерирована успешно
2024-10-29 16:22:24,538 - masks - DEBUG: Получен номер карты
2024-10-29 16:22:24,538 - masks - DEBUG: Маска номера карты: 2999 25** **** 2870
2024-10-29 16:22:24,538 - masks - INFO: Маска номера карты сгенерирована успешно
2024-10-29 16:22:24,538 - masks - DEBUG: Получен номер карты
2024-10-29 16:22:24,538 - masks - DEBUG: Маска номера карты: 1469 41** **** 3922
2024-10-29 16:22:24,538 - masks - INFO: Маска номера карты сгенерирована успешно
2024-10-29 16:22:24,538 - masks - DEBUG: Получен номер карты
2024-10-29 16:22:24,538 - masks - DEBUG: Маска номера карты: 6070 64** **** 3271
2024-10-29 16:22:24,538 - masks - INFO: Маска номера карты сгенерирована успешно
2024-10-29 16:22:24,538 - masks - DEBUG: Получен номер карты
2024-10-29 16:22:24,538 - masks - DEBUG: Маска номера карты: 9756 37** **** 2865
2024-10-29 16:22:24,538 - masks - INFO: Маска номера карты сгенерирована успешно
2024-10-29 16:22:24,538 - masks - DEBUG: Получен номер карты
2024-10-29 16:22:24,538 - masks - DEBUG: Маска номера карты: 9667 99** **** 8123
2024-10-29 16:22:24,538 - masks - INFO: Маска номера карты сгенерирована успешно
2024-10-29 16:22:24,538 - masks - DEBUG: Получен номер карты
2024-10-29 16:22:24,538 - masks - DEBUG: Маска номера карты: 5120 02** **** 0603
2024-10-29 16:22:24,538 - masks - INFO: Маска номера карты сгенерирована успешно
2024-10-29 16:22:24,538 - masks - DEBUG: Получен номер карты
2024-10-29 16:22:24,538 - masks - DEBUG: Маска номера карты: 1203 44** **** 3648
2024-10-29 16:22:24,538 - masks - INFO: Маска номера карты сгенерирована успешно
2024-10-29 16:22:24,538 - masks - DEBUG: Получен номер карты
2024-10-29 16:22:24,538 - masks - DEBUG: Маска номера карты: 0756 90** **** 3616
2024-10-29 16:22:24,538 - masks - INFO: Маска номера карты сгенерирована успешно
2024-10-29 16:22:24,538 - masks - DEBUG: Получен номер карты
2024-10-29 16:22:24,538 - masks - DEBUG: Маска номера карты: 6351 37** **** 9953
2024-10-29 16:22:24,538 - masks - INFO: Маска номера карты сгенерирована успешно
2024-10-29 16:22:24,538 - masks - DEBUG: Получен номер карты
2024-10-29 16:22:24,538 - masks - DEBUG: Маска номера карты: 1946 54** **** 6275
2024-10-29 16:22:24,538 - masks - INFO: Маска номера карты сгенерирована успешно
2024-10-29 16:22:24,538 - masks - DEBUG: Получен номер карты
2024-10-29 16:22:24,538 - masks - DEBUG: Маска номера карты: 4156 62** **** 7975
2024-10-29 16:22:24,538 - masks - INFO: Маска номера карты сгенерирована успешно
2024-10-29 16:22:24,538 - masks - DEBUG: Получен номер карты
2024-10-29 16:22:24,538 - masks - DEBUG: Маска номера карты: 6573 30** **** 6617
2024-10-29 16:22:24,538 - masks - INFO: Маска номера карты сгенерирована успешно
2024-10-29 16:22:24,538 - masks - DEBUG: Получен номер карты
2024-10-29 16:22:24,538 - masks - DEBUG: Маска номера карты: 9952 06** **** 8241
2024-10-29 16:22:24,538 - masks - INFO: Маска номера карты сгенерирована успешно
2024-10-29 16:22:24,538 - masks - DEBUG: Получен номер карты
2024-10-29 16:22:24,538 - masks - DEBUG: Маска номера карты: 1173 86** **** 5527
2024-10-29 16:22:24,538 - masks - INFO: Маска номера карты сгенерирована успешно
2024-10-29 16:22:24,538 - masks - DEBUG: Получен номер карты
2024-10-29 16:22:24,538 - masks - DEBUG: Маска номера карты: 6235 50** **** 8326
2024-10-29 16:22:24,538 - masks - INFO: Маска номера карты сгенерирована успешно
2024-10-29 16:22:24,538 - masks - DEBUG: Получен номер счета
2024-10-29 16:22:24,538 - masks - DEBUG: Маска номера счета: **9009
2024-10-29 16:22:24,538 - masks - INFO: Маска номера счета сгенерирована успешно
2024-10-29 16:22:24,538 - masks - DEBUG: Получен номер карты
2024-10-29 16:22:24,538 - masks - DEBUG: Маска номера карты: 2045 84** **** 2629
2024-10-29 16:22:24,538 - masks - INFO: Маска номера карты сгенерирована успешно
2024-10-29 16:22:24,538 - masks - DEBUG: Получен номер карты
2024-10-29 16:22:24,538 - masks - DEBUG: Маска номера карты: 6588 04** **** 8504
2024-10-29 16:22:24,538 - masks - INFO: Маска номера карты сгенерирована успешно
2024-10-29 16:22:24,538 - masks - DEBUG: Получен номер карты
2024-10-29 16:22:24,538 - masks - DEBUG: Маска номера карты: 0356 80** **** 4656
2024-10-29 16:22:24,538 - masks - INFO: Маска номера карты сгенерирована успешно
2024-10-29 16:22:24,538 - masks - DEBUG: Получен номер карты
2024-10-29 16:22:24,538 - masks - DEBUG: Маска номера карты: 3976 09** **** 4275
2024-10-29 16:22:24,538 - masks - INFO: Маска номера карты сгенерирована успешно
2024-10-29 16:22:24,538 - masks - DEBUG: Получен номер счета
2024-10-29 16:22:24,538 - masks - DEBUG: Маска номера счета: **4878
2024-10-29 16:22:24,538 - masks - INFO: Маска номера счета сгенерирована успешно
2024-10-29 16:22:24,538 - masks - DEBUG: Получен номер счета
2024-10-29 16:22:24,538 - masks - DEBUG: Маска номера счета: **7584
2024-10-29 16:22:24,538 - masks - INFO: Маска номера счета сгенерирована успешно
2024-10-29 16:22:24,538 - masks - DEBUG: Получен номер карты
2024-10-29 16:22:24,538 - masks - DEBUG: Маска номера карты: 6932 64** **** 3834
2024-10-29 16:22:24,538 - masks - INFO: Маска номера карты сгенерирована успешно
2024-10-29 16:22:24,538 - masks - DEBUG: Получен номер счета
2024-10-29 16:22:24,538 - masks - DEBUG: Маска номера счета: **4514
2024-10-29 16:22:24,538 - masks - INFO: Маска номера счета сгенерирована успешно
2024-10-29 16:22:24,538 - masks - DEBUG: Получен номер карты
2024-10-29 16:22:24,538 - masks - DEBUG: Маска номера карты: 0223 77** **** 2169
2024-10-29 16:22:24,538 - masks - INFO: Маска номера карты сгенерирована успешно
2024-10-29 16:22:24,538 - masks - DEBUG: Получен номер карты
2024-10-29 16:22:24,538 - masks - DEBUG: Маска номера карты: 5209 38** **** 6158
2024-10-29 16:22:24,538 - masks - INFO: Маска номера карты сгенерирована успешно
2024-10-29 16:22:24,538 - masks - DEBUG: Получен номер счета
2024-10-29 16:22:24,538 - masks - DEBUG: Маска номера счета: **0297
2024-10-29 16:22:24,538 - masks - INFO: Маска номера счета сгенерирована успешно
2024-10-29 16:22:24,538 - masks - DEBUG: Получен номер счета
2024-10-29 16:22:24,538 - masks - DEBUG: Маска номера счета: **9881
2024-10-29 16:22:24,538 - masks - INFO: Маска номера счета сгенерирована успешно
2024-10-29 16:22:24,538 - masks - DEBUG: Получен номер карты
2024-10-29 16:22:24,538 - masks - DEBUG: Маска номера карты: 5377 60** **** 3088
2024-10-29 16:22:24,538 - masks - INFO: Маска номера карты сгенерирована успешно
2024-10-29 16:22:24,538 - masks - DEBUG: Получен номер карты
2024-10-29 16:22:24,538 - masks - DEBUG: Маска номера карты: 1457 05** **** 4561
2024-10-29 16:22:24,538 - masks - INFO: Маска номера карты сгенерирована успешно
2024-10-29 16:22:24,538 - masks - DEBUG: Получен номер карты
2024-10-29 16:22:24,538 - masks - DEBUG: Маска номера карты: 4565 29** **** 3628
2024-10-29 16:22:24,538 - masks - INFO: Маска номера карты сгенерирована успешно
2024-10-29 16:22:24,538 - masks - DEBUG: Получен номер карты
2024-10-29 16:22:24,538 - masks - DEBUG: Маска номера карты: 9260 31** **** 1991
2024-10-29 16:22:24,538 - masks - INFO: Маска номера карты сгенерирована успешно
2024-10-29 16:22:24,538 - masks - DEBUG: Получен номер карты
2024-10-29 16:22:24,538 - masks - DEBUG: Маска номера карты: 4821 88** **** 3740
2024-10-29 16:22:24,538 - masks - INFO: Маска номера карты сгенерирована успешно
2024-10-29 16:22:24,538 - masks - DEBUG: Получен номер карты
2024-10-29 16:22:24,538 - masks - DEBUG: Маска номера карты: 6942 07** **** 8091
2024-10-29 16:22:24,538 - masks - INFO: Маска номера карты сгенерирована успешно
2024-10-29 16:22:24,538 - masks - DEBUG: Получен номер карты
2024-10-29 16:22:24,538 - masks - DEBUG: Маска номера карты: 1046 86** **** 9874
2024-10-29 16:22:24,538 - masks - INFO: Маска номера карты сгенерирована успешно
2024-10-29 16:22:24,538 - masks - DEBUG: Получен номер счета
2024-10-29 16:22:24,538 - masks - DEBUG: Маска номера счета: **7644
2024-10-29 16:22:24,538 - masks - INFO: Маска номера счета сгенерирована успешно
2024-10-29 16:22:24,538 - masks - DEBUG: Получен номер карты
2024-10-29 16:22:24,538 - masks - DEBUG: Маска номера карты: 0134 02** **** 7734
2024-10-29 16:22:24,538 - masks - INFO: Маска номера карты сгенерирована успешно
2024-10-29 16:22:24,538 - masks - DEBUG: Получен номер карты
2024-10-29 16:22:24,538 - masks - DEBUG: Маска номера карты: 7974 41** **** 2242
2024-10-29 16:22:24,538 - masks - INFO: Маска номера карты сгенерирована успешно
2024-10-29 16:22:24,538 - masks - DEBUG: Получен номер карты
2024-10-29 16:22:24,538 - masks - DEBUG: Маска номера карты: 9275 31** **** 3601
2024-10-29 16:22:24,538 - masks - INFO: Маска номера карты сгенерирована успешно
2024-10-29 16:22:24,538 - masks - DEBUG: Получен номер карты
2024-10-29 16:22:24,538 - masks - DEBUG: Маска номера карты: 3090 52** **** 1832
2024-10-29 16:22:24,538 - masks - INFO: Маска номера карты сгенерирована успешно
2024-10-29 16:22:24,538 - masks - DEBUG: Получен номер карты
2024-10-29 16:22:24,538 - masks - DEBUG: Маска номера карты: 9409 50** **** 8386
2024-10-29 16:22:24,538 - masks - INFO: Маска номера карты сгенерирована успешно
2024-10-29 16:22:24,538 - masks - DEBUG: Получен номер счета
2024-10-29 16:22:24,538 - masks - DEBUG: Маска номера счета: **7339
2024-10-29 16:22:24,538 - masks - INFO: Маска номера счета сгенерирована успешно
2024-10-29 16:22:24,538 - masks - DEBUG: Получен номер карты
2024-10-29 16:22:24,538 - masks - DEBUG: Маска номера карты: 0414 66** **** 1146
2024-10-29 16:22:24,538 - masks - INFO: Маска номера карты сгенерирована успешно
2024-10-29 16:22:24,538 - masks - DEBUG: Получен номер карты
2024-10-29 16:22:24,538 - masks - DEBUG: Маска номера карты: 3853 08** **** 9527
2024-10-29 16:22:24,538 - masks - INFO: Маска номера карты сгенерирована успешно
2024-10-29 16:22:24,538 - masks - DEBUG: Получен номер карты
2024-10-29 16:22:24,538 - masks - DEBUG: Маска номера карты: 1588 40** **** 7798
2024-10-29 16:22:24,538 - masks - INFO: Маска номера карты сгенерирована успешно
2024-10-29 16:22:24,538 - masks - DEBUG: Получен номер карты
2024-10-29 16:22:24,538 - masks - DEBUG: Маска номера карты: 6632 95** **** 5990
2024-10-29 16:22:24,538 - masks - INFO: Маска номера карты сгенерирована успешно
2024-10-29 16:22:24,538 - masks - DEBUG: Получен номер карты
2024-10-29 16:22:24,538 - masks - DEBUG: Маска номера карты: 5612 25** **** 4748
2024-10-29 16:22:24,538 - masks - INFO: Маска номера карты сгенерирована успешно
2024-10-29 16:22:24,538 - masks - DEBUG: Получен номер карты
2024-10-29 16:22:24,538 - masks - DEBUG: Маска номера карты: 1317 58** **** 4625
2024-10-29 16:22:24,538 - masks - INFO: Маска номера карты сгенерирована успешно
2024-10-29 16:22:24,538 - masks - DEBUG: Получен номер карты
2024-10-29 16:22:24,538 - masks - DEBUG: Маска номера карты: 3057 94** **** 8198
2024-10-29 16:22:24,538 - masks - INFO: Маска номера карты сгенерирована успешно
2024-10-29 16:22:24,538 - masks - DEBUG: Получен номер карты
2024-10-29 16:22:24,538 - masks - DEBUG: Маска номера карты: 4035 89** **** 9221
2024-10-29 16:22:24,538 - masks - INFO: Маска номера карты сгенерирована успешно
2024-10-29 16:22:24,538 - masks - DEBUG: Получен номер карты
2024-10-29 16:22:24,538 - masks - DEBUG: Маска номера карты: 4271 23** **** 5566
2024-10-29 16:22:24,538 - masks - INFO: Маска номера карты сгенерирована успешно
2024-10-29 16:22:24,538 - masks - DEBUG: Получен номер карты
2024-10-29 16:22:24,538 - masks - DEBUG: Маска номера карты: 3219 76** **** 0172
2024-10-29 16:22:24,538 - masks - INFO: Маска номера карты сгенерирована успешно
2024-10-29 16:22:24,538 - masks - DEBUG: Получен номер карты
2024-10-29 16:22:24,538 - masks - DEBUG: Маска номера карты: 2060 01** **** 2936
2024-10-29 16:22:24,538 - masks - INFO: Маска номера карты сгенерирована успешно
2024-10-29 16:22:24,538 - masks - DEBUG: Получен номер карты
2024-10-29 16:22:24,538 - masks - DEBUG: Маска номера карты: 2412 43** **** 8783
2024-10-29 16:22:24,538 - masks - INFO: Маска номера карты сгенерирована успешно
2024-10-29 16:22:24,538 - masks - DEBUG: Получен номер карты
2024-10-29 16:22:24,538 - masks - DEBUG: Маска номера карты: 6597 90** **** 6000
2024-10-29 16:22:24,538 - masks - INFO: Маска номера карты сгенерирована успешно
2024-10-29 16:22:24,538 - masks - DEBUG: Получен номер карты
2024-10-29 16:22:24,538 - masks - DEBUG: Маска номера карты: 8974 43** **** 5284
2024-10-29 16:22:24,538 - masks - INFO: Маска номера карты сгенерирована успешно
2024-10-29 16:22:24,538 - masks - DEBUG: Получен номер карты
2024-10-29 16:22:24,538 - masks - DEBUG: Маска номера карты: 6495 17** **** 8774
2024-10-29 16:22:24,538 - masks - INFO: Маска номера карты сгенерирована успешно
2024-10-29 16:22:24,538 - masks - DEBUG: Получен номер карты
2024-10-29 16:22:24,538 - masks - DEBUG: Маска номера карты: 9774 86** **** 0475
2024-10-29 16:22:24,538 - masks - INFO: Маска номера карты сгенерирована успешно
2024-10-29 16:22:24,538 - masks - DEBUG: Получен номер счета
2024-10-29 16:22:24,538 - masks - DEBUG: Маска номера счета: **7390
2024-10-29 16:22:24,538 - masks - INFO: Маска номера счета сгенерирована успешно
2024-10-29 16:22:24,538 - masks - DEBUG: Получен номер счета
2024-10-29 16:22:24,538 - masks - DEBUG: Маска номера счета: **8093
2024-10-29 16:22:24,538 - masks - INFO: Маска номера счета сгенерирована успешно
2024-10-29 16:22:24,538 - masks - DEBUG: Получен номер карты
2024-10-29 16:22:24,538 - masks - DEBUG: Маска номера карты: 9326 27** **** 5612
2024-10-29 16:22:24,538 - masks - INFO: Маска номера карты сгенерирована успешно
2024-10-29 16:22:24,538 - masks - DEBUG: Получен номер карты
2024-10-29 16:22:24,538 - masks - DEBUG: Маска номера карты: 3269 56** **** 5583
2024-10-29 16:22:24,538 - masks - INFO: Маска номера карты сгенерирована успешно
2024-10-29 16:22:24,538 - masks - DEBUG: Получен номер карты
2024-10-29 16:22:24,538 - masks - DEBUG: Маска номера карты: 5240 09** **** 7764
2024-10-29 16:22:24,538 - masks - INFO: Маска номера карты сгенерирована успешно
2024-10-29 16:22:24,538 - masks - DEBUG: Получен номер карты
2024-10-29 16:22:24,538 - masks - DEBUG: Маска номера карты: 3848 04** **** 0274
2024-10-29 16:22:24,538 - masks - INFO: Маска номера карты сгенерирована успешно
2024-10-29 16:22:24,538 - masks - DEBUG: Получен номер карты
2024-10-29 16:22:24,538 - masks - DEBUG: Маска номера карты: 6635 15** **** 0594
2024-10-29 16:22:24,538 - masks - INFO: Маска номера карты сгенерирована успешно
2024-10-29 16:22:24,538 - masks - DEBUG: Получен номер карты
2024-10-29 16:22:24,538 - masks - DEBUG: Маска номера карты: 9569 91** **** 1728
2024-10-29 16:22:24,538 - masks - INFO: Маска номера карты сгенерирована успешно
2024-10-29 16:22:24,538 - masks - DEBUG: Получен номер карты
2024-10-29 16:22:24,538 - masks - DEBUG: Маска номера карты: 5193 35** **** 5830
2024-10-29 16:22:24,538 - masks - INFO: Маска номера карты сгенерирована успешно
2024-10-29 16:22:24,538 - masks - DEBUG: Получен номер карты
2024-10-29 16:22:24,538 - masks - DEBUG: Маска номера карты: 7302 75** **** 8584
2024-10-29 16:22:24,538 - masks - INFO: Маска номера карты сгенерирована успешно
2024-10-29 16:22:24,538 - masks - DEBUG: Получен номер карты
2024-10-29 16:22:24,538 - masks - DEBUG: Маска номера карты: 0061 91** **** 6701
2024-10-29 16:22:24,538 - masks - INFO: Маска номера карты сгенерирована успешно
2024-10-29 16:22:24,538 - masks - DEBUG: Получен номер карты
2024-10-29 16:22:24,538 - masks - DEBUG: Маска номера карты: 3177 34** **** 5017
2024-10-29 16:22:24,538 - masks - INFO: Маска номера карты сгенерирована успешно
2024-10-29 16:22:24,538 - masks - DEBUG: Получен номер карты
2024-10-29 16:22:24,538 - masks - DEBUG: Маска номера карты: 3390 70** **** 4704
2024-10-29 16:22:24,538 - masks - INFO: Маска номера карты сгенерирована успешно
2024-10-29 16:22:24,538 - masks - DEBUG: Получен номер карты
2024-10-29 16:22:24,538 - masks - DEBUG: Маска номера карты: 1305 32** **** 3467
2024-10-29 16:22:24,538 - masks - INFO: Маска номера карты сгенерирована успешно
2024-10-29 16:22:24,538 - masks - DEBUG: Получен номер счета
2024-10-29 16:22:24,538 - masks - DEBUG: Маска номера счета: **1151
2024-10-29 16:22:24,538 - masks - INFO: Маска номера счета сгенерирована успешно
2024-10-29 16:22:24,538 - masks - DEBUG: Получен номер счета
2024-10-29 16:22:24,538 - masks - DEBUG: Маска номера счета: **7279
2024-10-29 16:22:24,538 - masks - INFO: Маска номера счета сгенерирована успешно
2024-10-29 16:22:24,538 - masks - DEBUG: Получен номер счета
2024-10-29 16:22:24,538 - masks - DEBUG: Маска номера счета: **1573
2024-10-29 16:22:24,538 - masks - INFO: Маска номера счета сгенерирована успешно
2024-10-29 16:22:24,538 - masks - DEBUG: Получен номер счета
2024-10-29 16:22:24,538 - masks - DEBUG: Маска номера счета: **2246
2024-10-29 16:22:24,538 - masks - INFO: Маска номера счета сгенерирована успешно
2024-10-29 16:22:24,538 - masks - DEBUG: Получен номер карты
2024-10-29 16:22:24,538 - masks - DEBUG: Маска номера карты: 6637 26** **** 1454
2024-10-29 16:22:24,538 - masks - INFO: Маска номера карты сгенерирована успешно
2024-10-29 16:22:24,538 - masks - DEBUG: Получен номер карты
2024-10-29 16:22:24,538 - masks - DEBUG: Маска номера карты: 4292 13** **** 1781
2024-10-29 16:22:24,538 - masks - INFO: Маска номера карты сгенерирована успешно
2024-10-29 16:22:24,538 - masks - DEBUG: Получен номер карты
2024-10-29 16:22:24,538 - masks - DEBUG: Маска номера карты: 8795 33** **** 4907
2024-10-29 16:22:24,538 - masks - INFO: Маска номера карты сгенерирована успешно
2024-10-29 16:22:24,538 - masks - DEBUG: Получен номер счета
2024-10-29 16:22:24,538 - masks - DEBUG: Маска номера счета: **3144
2024-10-29 16:22:24,538 - masks - INFO: Маска номера счета сгенерирована успешно
2024-10-29 16:22:24,538 - masks - DEBUG: Получен номер карты
2024-10-29 16:22:24,538 - masks - DEBUG: Маска номера карты: 5361 83** **** 0951
2024-10-29 16:22:24,538 - masks - INFO: Маска номера карты сгенерирована успешно
2024-10-29 16:22:24,538 - masks - DEBUG: Получен номер счета
2024-10-29 16:22:24,538 - masks - DEBUG: Маска номера счета: **3869
2024-10-29 16:22:24,538 - masks - INFO: Маска номера счета сгенерирована успешно
2024-10-29 16:22:24,538 - masks - DEBUG: Получен номер карты
2024-10-29 16:22:24,538 - masks - DEBUG: Маска номера карты: 5106 98** **** 5939
2024-10-29 16:22:24,538 - masks - INFO: Маска номера карты сгенерирована успешно
2024-10-29 16:22:24,538 - masks - DEBUG: Получен номер карты
2024-10-29 16:22:24,538 - masks - DEBUG: Маска номера карты: 5153 43** **** 0847
2024-10-29 16:22:24,538 - masks - INFO: Маска номера карты сгенерирована успешно
2024-10-29 16:22:24,538 - masks - DEBUG: Получен номер карты
2024-10-29 16:22:24,538 - masks - DEBUG: Маска номера карты: 8957 72** **** 7888
2024-10-29 16:22:24,538 - masks - INFO: Маска номера карты сгенерирована успешно
2024-10-29 16:22:24,538 - masks - DEBUG: Получен номер карты
2024-10-29 16:22:24,538 - masks - DEBUG: Маска номера карты: 4305 15** **** 5182
2024-10-29 16:22:24,538 - masks - INFO: Маска номера карты сгенерирована успешно
2024-10-29 16:22:24,538 - masks - DEBUG: Получен номер карты
2024-10-29 16:22:24,538 - masks - DEBUG: Маска номера карты: 2875 45** **** 7129
2024-10-29 16:22:24,538 - masks - INFO: Маска номера карты сгенерирована успешно
2024-10-29 16:22:24,538 - masks - DEBUG: Получен номер карты
2024-10-29 16:22:24,538 - masks - DEBUG: Маска номера карты: 5169 58** **** 3511
2024-10-29 16:22:24,538 - masks - INFO: Маска номера карты сгенерирована успешно
2024-10-29 16:22:24,538 - masks - DEBUG: Получен номер карты
2024-10-29 16:22:24,538 - masks - DEBUG: Маска номера карты: 7169 05** **** 8442
2024-10-29 16:22:24,538 - masks - INFO: Маска номера карты сгенерирована успешно
2024-10-29 16:22:24,538 - masks - DEBUG: Получен номер карты
2024-10-29 16:22:24,538 - masks - DEBUG: Маска номера карты: 6069 80** **** 1254
2024-10-29 16:22:24,538 - masks - INFO: Маска номера карты сгенерирована успешно
2024-10-29 16:22:24,538 - masks - DEBUG: Получен номер счета
2024-10-29 16:22:24,538 - masks - DEBUG: Маска номера счета: **6580
2024-10-29 16:22:24,538 - masks - INFO: Маска номера счета сгенерирована успешно
2024-10-29 16:22:24,538 - masks - DEBUG: Получен номер счета
2024-10-29 16:22:24,538 - masks - DEBUG: Маска номера счета: **8517
2024-10-29 16:22:24,538 - masks - INFO: Маска номера счета сгенерирована успешно
2024-10-29 16:22:24,538 - masks - DEBUG: Получен номер карты
2024-10-29 16:22:24,538 - masks - DEBUG: Маска номера карты: 2001 72** **** 1290
2024-10-29 16:22:24,538 - masks - INFO: Маска номера карты сгенерирована успешно
2024-10-29 16:22:24,538 - masks - DEBUG: Получен номер карты
2024-10-29 16:22:24,538 - masks - DEBUG: Маска номера карты: 5104 03** **** 3375
2024-10-29 16:22:24,538 - masks - INFO: Маска номера карты сгенерирована успешно
2024-10-29 16:22:24,538 - masks - DEBUG: Получен номер карты
2024-10-29 16:22:24,538 - masks - DEBUG: Маска номера карты: 6517 89** **** 8307
2024-10-29 16:22:24,538 - masks - INFO: Маска номера карты сгенерирована успешно
2024-10-29 16:22:24,538 - masks - DEBUG: Получен номер карты
2024-10-29 16:22:24,538 - masks - DEBUG: Маска номера карты: 0324 73** **** 4441
2024-10-29 16:22:24,538 - masks - INFO: Маска номера карты сгенерирована успешно
2024-10-29 16:22:24,538 - masks - DEBUG: Получен номер карты
2024-10-29 16:22:24,538 - masks - DEBUG: Маска номера карты: 4567 60** **** 2904
2024-10-29 16:22:24,538 - masks - INFO: Маска номера карты сгенерирована успешно
2024-10-29 16:22:24,538 - masks - DEBUG: Получен номер карты
2024-10-29 16:22:24,538 - masks - DEBUG: Маска номера карты: 2917 55** **** 5380
2024-10-29 16:22:24,538 - masks - INFO: Маска номера карты сгенерирована успешно
2024-10-29 16:22:24,538 - masks - DEBUG: Получен номер карты
2024-10-29 16:22:24,538 - masks - DEBUG: Маска номера карты: 1865 47** **** 1580
2024-10-29 16:22:24,538 - masks - INFO: Маска номера карты сгенерирована успешно
2024-10-29 16:22:24,538 - masks - DEBUG: Получен номер карты
2024-10-29 16:22:24,538 - masks - DEBUG: Маска номера карты: 3479 81** **** 7178
2024-10-29 16:22:24,538 - masks - INFO: Маска номера карты сгенерирована успешно
2024-10-29 16:22:24,538 - masks - DEBUG: Получен номер карты
2024-10-29 16:22:24,538 - masks - DEBUG: Маска номера карты: 9171 90** **** 6946
2024-10-29 16:22:24,538 - masks - INFO: Маска номера карты сгенерирована успешно
2024-10-29 16:22:24,538 - masks - DEBUG: Получен номер карты
2024-10-29 16:22:24,538 - masks - DEBUG: Маска номера карты: 1486 89** **** 2527
2024-10-29 16:22:24,538 - masks - INFO: Маска номера карты сгенерирована успешно
2024-10-29 16:22:24,538 - masks - DEBUG: Получен номер карты
2024-10-29 16:22:24,538 - masks - DEBUG: Маска номера карты: 8082 67** **** 4648
2024-10-29 16:22:24,538 - masks - INFO: Маска номера карты сгенерирована успешно
2024-10-29 16:22:24,538 - masks - DEBUG: Получен номер карты
2024-10-29 16:22:24,538 - masks - DEBUG: Маска номера карты: 2449 47** **** 3042
2024-10-29 16:22:24,538 - masks - INFO: Маска номера карты сгенерирована успешно
2024-10-29 16:22:24,538 - masks - DEBUG: Получен номер карты
2024-10-29 16:22:24,538 - masks - DEBUG: Маска номера карты: 4213 52** **** 1219
2024-10-29 16:22:24,538 - masks - INFO: Маска номера карты сгенерирована успешно
2024-10-29 16:22:24,538 - masks - DEBUG: Получен номер карты
2024-10-29 16:22:24,538 - masks - DEBUG: Маска номера карты: 0244 10** **** 6301
2024-10-29 16:22:24,538 - masks - INFO: Маска номера карты сгенерирована успешно
2024-10-29 16:22:24,538 - masks - DEBUG: Получен номер карты
2024-10-29 16:22:24,538 - masks - DEBUG: Маска номера карты: 1987 53** **** 8132
2024-10-29 16:22:24,538 - masks - INFO: Маска номера карты сгенерирована успешно
2024-10-29 16:22:24,538 - masks - DEBUG: Получен номер карты
2024-10-29 16:22:24,538 - masks - DEBUG: Маска номера карты: 6313 70** **** 7537
2024-10-29 16:22:24,538 - masks - INFO: Маска номера карты сгенерирована успешно
2024-10-29 16:22:24,538 - masks - DEBUG: Получен номер карты
2024-10-29 16:22:24,538 - masks - DEBUG: Маска номера карты: 3836 75** **** 1669
2024-10-29 16:22:24,538 - masks - INFO: Маска номера карты сгенерирована успешно
2024-10-29 16:22:24,538 - masks - DEBUG: Получен номер счета
2024-10-29 16:22:24,538 - masks - DEBUG: Маска номера счета: **6681
2024-10-29 16:22:24,538 - masks - INFO: Маска номера счета сгенерирована успешно
2024-10-29 16:22:24,538 - masks - DEBUG: Получен номер счета
2024-10-29 16:22:24,538 - masks - DEBUG: Маска номера счета: **5809
2024-10-29 16:22:24,538 - masks - INFO: Маска номера счета сгенерирована успешно
2024-10-29 16:22:24,538 - masks - DEBUG: Получен номер счета
2024-10-29 16:22:24,538 - masks - DEBUG: Маска номера счета: **2678
2024-10-29 16:22:24,538 - masks - INFO: Маска номера счета сгенерирована успешно
2024-10-29 16:22:24,538 - masks - DEBUG: Получен номер карты
2024-10-29 16:22:24,538 - masks - DEBUG: Маска номера карты: 7570 47** **** 8770
2024-10-29 16:22:24,538 - masks - INFO: Маска номера карты сгенерирована успешно
2024-10-29 16:22:24,538 - masks - DEBUG: Получен номер карты
2024-10-29 16:22:24,538 - masks - DEBUG: Маска номера карты: 5635 27** **** 9784
2024-10-29 16:22:24,538 - masks - INFO: Маска номера карты сгенерирована успешно
2024-10-29 16:22:24,538 - masks - DEBUG: Получен номер карты
2024-10-29 16:22:24,538 - masks - DEBUG: Маска номера карты: 4995 32** **** 7629
2024-10-29 16:22:24,538 - masks - INFO: Маска номера карты сгенерирована успешно
2024-10-29 16:22:24,538 - masks - DEBUG: Получен номер карты
2024-10-29 16:22:24,538 - masks - DEBUG: Маска номера карты: 5240 67** **** 8047
2024-10-29 16:22:24,538 - masks - INFO: Маска номера карты сгенерирована успешно
2024-10-29 16:22:24,538 - masks - DEBUG: Получен номер карты
2024-10-29 16:22:24,538 - masks - DEBUG: Маска номера карты: 2143 47** **** 8443
2024-10-29 16:22:24,538 - masks - INFO: Маска номера карты сгенерирована успешно
2024-10-29 16:22:24,538 - masks - DEBUG: Получен номер карты
2024-10-29 16:22:24,538 - masks - DEBUG: Маска номера карты: 5056 78** **** 6251
2024-10-29 16:22:24,538 - masks - INFO: Маска номера карты сгенерирована успешно
2024-10-29 16:22:24,538 - masks - DEBUG: Получен номер карты
2024-10-29 16:22:24,538 - masks - DEBUG: Маска номера карты: 7646 06** **** 1655
2024-10-29 16:22:24,538 - masks - INFO: Маска номера карты сгенерирована успешно
2024-10-29 16:22:24,538 - masks - DEBUG: Получен номер карты
2024-10-29 16:22:24,538 - masks - DEBUG: Маска номера карты: 1393 21** **** 4971
2024-10-29 16:22:24,538 - masks - INFO: Маска номера карты сгенерирована успешно
2024-10-29 16:22:24,538 - masks - DEBUG: Получен номер карты
2024-10-29 16:22:24,538 - masks - DEBUG: Маска номера карты: 9680 91** **** 1220
2024-10-29 16:22:24,538 - masks - INFO: Маска номера карты сгенерирована успешно
2024-10-29 16:22:24,538 - masks - DEBUG: Получен номер карты
2024-10-29 16:22:24,538 - masks - DEBUG: Маска номера карты: 8588 52** **** 4487
2024-10-29 16:22:24,538 - masks - INFO: Маска номера карты сгенерирована успешно
2024-10-29 16:22:24,538 - masks - DEBUG: Получен номер карты
2024-10-29 16:22:24,538 - masks - DEBUG: Маска номера карты: 5733 34** **** 3542
2024-10-29 16:22:24,538 - masks - INFO: Маска номера карты сгенерирована успешно
2024-10-29 16:22:24,538 - masks - DEBUG: Получен номер карты
2024-10-29 16:22:24,538 - masks - DEBUG: Маска номера карты: 8983 69** **** 2560
2024-10-29 16:22:24,538 - masks - INFO: Маска номера карты сгенерирована успешно
2024-10-29 16:22:24,553 - masks - DEBUG: Получен номер карты
2024-10-29 16:22:24,553 - masks - DEBUG: Маска номера карты: 3094 80** **** 6027
2024-10-29 16:22:24,553 - masks - INFO: Маска номера карты сгенерирована успешно
2024-10-29 16:22:24,553 - masks - DEBUG: Получен номер карты
2024-10-29 16:22:24,553 - masks - DEBUG: Маска номера карты: 8245 63** **** 6013
2024-10-29 16:22:24,553 - masks - INFO: Маска номера карты сгенерирована успешно
2024-10-29 16:22:24,553 - masks - DEBUG: Получен номер карты
2024-10-29 16:22:24,553 - masks - DEBUG: Маска номера карты: 8231 52** **** 9563
2024-10-29 16:22:24,553 - masks - INFO: Маска номера карты сгенерирована успешно
2024-10-29 16:22:24,553 - masks - DEBUG: Получен номер карты
2024-10-29 16:22:24,553 - masks - DEBUG: Маска номера карты: 8034 45** **** 8617
2024-10-29 16:22:24,553 - masks - INFO: Маска номера карты сгенерирована успешно
2024-10-29 16:22:24,553 - masks - DEBUG: Получен номер счета
2024-10-29 16:22:24,553 - masks - DEBUG: Маска номера счета: **5751
2024-10-29 16:22:24,553 - masks - INFO: Маска номера счета сгенерирована успешно
2024-10-29 16:22:24,553 - masks - DEBUG: Получен номер счета
2024-10-29 16:22:24,553 - masks - DEBUG: Маска номера счета: **2024
2024-10-29 16:22:24,553 - masks - INFO: Маска номера счета сгенерирована успешно
2024-10-29 16:22:24,553 - masks - DEBUG: Получен номер карты
2024-10-29 16:22:24,553 - masks - DEBUG: Маска номера карты: 4202 32** **** 2940
2024-10-29 16:22:24,553 - masks - INFO: Маска номера карты сгенерирована успешно
2024-10-29 16:22:24,553 - masks - DEBUG: Получен номер карты
2024-10-29 16:22:24,553 - masks - DEBUG: Маска номера карты: 1787 25** **** 4833
2024-10-29 16:22:24,553 - masks - INFO: Маска номера карты сгенерирована успешно
2024-10-29 16:22:24,553 - masks - DEBUG: Получен номер карты
2024-10-29 16:22:24,553 - masks - DEBUG: Маска номера карты: 3606 11** **** 8834
2024-10-29 16:22:24,553 - masks - INFO: Маска номера карты сгенерирована успешно
2024-10-29 16:22:24,553 - masks - DEBUG: Получен номер счета
2024-10-29 16:22:24,553 - masks - DEBUG: Маска номера счета: **2600
2024-10-29 16:22:24,553 - masks - INFO: Маска номера счета сгенерирована успешно
2024-10-29 16:22:24,553 - masks - DEBUG: Получен номер карты
2024-10-29 16:22:24,553 - masks - DEBUG: Маска номера карты: 6956 88** **** 2228
2024-10-29 16:22:24,553 - masks - INFO: Маска номера карты сгенерирована успешно
2024-10-29 16:22:24,553 - masks - DEBUG: Получен номер карты
2024-10-29 16:22:24,553 - masks - DEBUG: Маска номера карты: 1138 63** **** 8897
2024-10-29 16:22:24,553 - masks - INFO: Маска номера карты сгенерирована успешно
2024-10-29 16:22:24,553 - masks - DEBUG: Получен номер счета
2024-10-29 16:22:24,553 - masks - DEBUG: Маска номера счета: **9070
2024-10-29 16:22:24,553 - masks - INFO: Маска номера счета сгенерирована успешно
2024-10-29 16:22:24,553 - masks - DEBUG: Получен номер счета
2024-10-29 16:22:24,553 - masks - DEBUG: Маска номера счета: **2931
2024-10-29 16:22:24,553 - masks - INFO: Маска номера счета сгенерирована успешно
2024-10-29 16:22:24,553 - masks - DEBUG: Получен номер карты
2024-10-29 16:22:24,553 - masks - DEBUG: Маска номера карты: 9971 49** **** 6339
2024-10-29 16:22:24,553 - masks - INFO: Маска номера карты сгенерирована успешно
2024-10-29 16:22:24,553 - masks - DEBUG: Получен номер карты
2024-10-29 16:22:24,553 - masks - DEBUG: Маска номера карты: 3350 29** **** 2712
2024-10-29 16:22:24,553 - masks - INFO: Маска номера карты сгенерирована успешно
2024-10-29 16:22:24,553 - masks - DEBUG: Получен номер карты
2024-10-29 16:22:24,553 - masks - DEBUG: Маска номера карты: 9152 08** **** 1456
2024-10-29 16:22:24,553 - masks - INFO: Маска номера карты сгенерирована успешно
2024-10-29 16:22:24,553 - masks - DEBUG: Получен номер карты
2024-10-29 16:22:24,553 - masks - DEBUG: Маска номера карты: 1890 01** **** 1654
2024-10-29 16:22:24,553 - masks - INFO: Маска номера карты сгенерирована успешно
2024-10-29 16:22:24,553 - masks - DEBUG: Получен номер карты
2024-10-29 16:22:24,553 - masks - DEBUG: Маска номера карты: 2230 79** **** 3547
2024-10-29 16:22:24,553 - masks - INFO: Маска номера карты сгенерирована успешно
2024-10-29 16:22:24,553 - masks - DEBUG: Получен номер карты
2024-10-29 16:22:24,553 - masks - DEBUG: Маска номера карты: 0482 56** **** 6473
2024-10-29 16:22:24,553 - masks - INFO: Маска номера карты сгенерирована успешно
2024-10-29 16:22:24,553 - masks - DEBUG: Получен номер карты
2024-10-29 16:22:24,553 - masks - DEBUG: Маска номера карты: 3155 84** **** 7541
2024-10-29 16:22:24,553 - masks - INFO: Маска номера карты сгенерирована успешно
2024-10-29 16:22:24,553 - masks - DEBUG: Получен номер карты
2024-10-29 16:22:24,553 - masks - DEBUG: Маска номера карты: 5137 59** **** 1653
2024-10-29 16:22:24,553 - masks - INFO: Маска номера карты сгенерирована успешно
2024-10-29 16:22:24,553 - masks - DEBUG: Получен номер карты
2024-10-29 16:22:24,553 - masks - DEBUG: Маска номера карты: 2834 57** **** 0855
2024-10-29 16:22:24,553 - masks - INFO: Маска номера карты сгенерирована успешно
2024-10-29 16:22:24,553 - masks - DEBUG: Получен номер карты
2024-10-29 16:22:24,553 - masks - DEBUG: Маска номера карты: 7838 39** **** 1511
2024-10-29 16:22:24,553 - masks - INFO: Маска номера карты сгенерирована успешно
2024-10-29 16:22:24,553 - masks - DEBUG: Получен номер карты
2024-10-29 16:22:24,553 - masks - DEBUG: Маска номера карты: 2035 67** **** 7598
2024-10-29 16:22:24,553 - masks - INFO: Маска номера карты сгенерирована успешно
2024-10-29 16:22:24,553 - masks - DEBUG: Получен номер карты
2024-10-29 16:22:24,553 - masks - DEBUG: Маска номера карты: 7048 36** **** 9980
2024-10-29 16:22:24,553 - masks - INFO: Маска номера карты сгенерирована успешно
2024-10-29 16:22:24,553 - masks - DEBUG: Получен номер карты
2024-10-29 16:22:24,553 - masks - DEBUG: Маска номера карты: 4401 97** **** 7074
2024-10-29 16:22:24,553 - masks - INFO: Маска номера карты сгенерирована успешно
2024-10-29 16:22:24,553 - masks - DEBUG: Получен номер карты
2024-10-29 16:22:24,553 - masks - DEBUG: Маска номера карты: 5952 43** **** 0120
2024-10-29 16:22:24,553 - masks - INFO: Маска номера карты сгенерирована успешно
2024-10-29 16:22:24,553 - masks - DEBUG: Получен номер карты
2024-10-29 16:22:24,553 - masks - DEBUG: Маска номера карты: 5815 09** **** 6928
2024-10-29 16:22:24,553 - masks - INFO: Маска номера карты сгенерирована успешно
2024-10-29 16:22:24,553 - masks - DEBUG: Получен номер счета
2024-10-29 16:22:24,553 - masks - DEBUG: Маска номера счета: **4197
2024-10-29 16:22:24,553 - masks - INFO: Маска номера счета сгенерирована успешно
2024-10-29 16:22:24,553 - masks - DEBUG: Получен номер карты
2024-10-29 16:22:24,553 - masks - DEBUG: Маска номера карты: 7691 70** **** 9194
2024-10-29 16:22:24,553 - masks - INFO: Маска номера карты сгенерирована успешно
2024-10-29 16:22:24,553 - masks - DEBUG: Получен номер карты
2024-10-29 16:22:24,553 - masks - DEBUG: Маска номера карты: 6557 35** **** 2487
2024-10-29 16:22:24,553 - masks - INFO: Маска номера карты сгенерирована успешно
2024-10-29 16:22:24,553 - masks - DEBUG: Получен номер карты
2024-10-29 16:22:24,553 - masks - DEBUG: Маска номера карты: 7153 42** **** 6425
2024-10-29 16:22:24,553 - masks - INFO: Маска номера карты сгенерирована успешно
2024-10-29 16:22:24,553 - masks - DEBUG: Получен номер карты
2024-10-29 16:22:24,553 - masks - DEBUG: Маска номера карты: 8332 81** **** 0612
2024-10-29 16:22:24,553 - masks - INFO: Маска номера карты сгенерирована успешно
2024-10-29 16:22:24,553 - masks - DEBUG: Получен номер карты
2024-10-29 16:22:24,553 - masks - DEBUG: Маска номера карты: 9687 00** **** 8717
2024-10-29 16:22:24,553 - masks - INFO: Маска номера карты сгенерирована успешно
2024-10-29 16:22:24,553 - masks - DEBUG: Получен номер карты
2024-10-29 16:22:24,553 - masks - DEBUG: Маска номера карты: 2164 65** **** 3219
2024-10-29 16:22:24,553 - masks - INFO: Маска номера карты сгенерирована успешно
2024-10-29 16:22:24,553 - masks - DEBUG: Получен номер карты
2024-10-29 16:22:24,553 - masks - DEBUG: Маска номера карты: 0047 25** **** 0801
2024-10-29 16:22:24,553 - masks - INFO: Маска номера карты сгенерирована успешно
2024-10-29 16:22:24,553 - masks - DEBUG: Получен номер карты
2024-10-29 16:22:24,553 - masks - DEBUG: Маска номера карты: 2623 38** **** 7749
2024-10-29 16:22:24,553 - masks - INFO: Маска номера карты сгенерирована успешно
2024-10-29 16:22:24,553 - masks - DEBUG: Получен номер карты
2024-10-29 16:22:24,553 - masks - DEBUG: Маска номера карты: 7364 80** **** 2108
2024-10-29 16:22:24,553 - masks - INFO: Маска номера карты сгенерирована успешно
2024-10-29 16:22:24,553 - masks - DEBUG: Получен номер карты
2024-10-29 16:22:24,553 - masks - DEBUG: Маска номера карты: 4397 27** **** 1394
2024-10-29 16:22:24,553 - masks - INFO: Маска номера карты сгенерирована успешно
2024-10-29 16:22:24,553 - masks - DEBUG: Получен номер карты
2024-10-29 16:22:24,553 - masks - DEBUG: Маска номера карты: 2982 34** **** 6157
2024-10-29 16:22:24,553 - masks - INFO: Маска номера карты сгенерирована успешно
2024-10-29 16:22:24,553 - masks - DEBUG: Получен номер счета
2024-10-29 16:22:24,553 - masks - DEBUG: Маска номера счета: **9470
2024-10-29 16:22:24,553 - masks - INFO: Маска номера счета сгенерирована успешно
2024-10-29 16:22:24,553 - masks - DEBUG: Получен номер карты
2024-10-29 16:22:24,553 - masks - DEBUG: Маска номера карты: 8496 41** **** 7172
2024-10-29 16:22:24,553 - masks - INFO: Маска номера карты сгенерирована успешно
2024-10-29 16:22:24,553 - masks - DEBUG: Получен номер карты
2024-10-29 16:22:24,553 - masks - DEBUG: Маска номера карты: 4296 68** **** 2624
2024-10-29 16:22:24,553 - masks - INFO: Маска номера карты сгенерирована успешно
2024-10-29 16:22:24,553 - masks - DEBUG: Получен номер карты
2024-10-29 16:22:24,553 - masks - DEBUG: Маска номера карты: 6457 07** **** 3153
2024-10-29 16:22:24,553 - masks - INFO: Маска номера карты сгенерирована успешно
2024-10-29 16:22:24,553 - masks - DEBUG: Получен номер карты
2024-10-29 16:22:24,553 - masks - DEBUG: Маска номера карты: 4550 96** **** 8513
2024-10-29 16:22:24,553 - masks - INFO: Маска номера карты сгенерирована успешно
2024-10-29 16:22:24,553 - masks - DEBUG: Получен номер карты
2024-10-29 16:22:24,553 - masks - DEBUG: Маска номера карты: 6561 13** **** 8408
2024-10-29 16:22:24,553 - masks - INFO: Маска номера карты сгенерирована успешно
2024-10-29 16:22:24,553 - masks - DEBUG: Получен номер карты
2024-10-29 16:22:24,553 - masks - DEBUG: Маска номера карты: 5825 40** **** 4572
2024-10-29 16:22:24,553 - masks - INFO: Маска номера карты сгенерирована успешно
2024-10-29 16:22:24,553 - masks - DEBUG: Получен номер карты
2024-10-29 16:22:24,553 - masks - DEBUG: Маска номера карты: 3419 98** **** 9376
2024-10-29 16:22:24,553 - masks - INFO: Маска номера карты сгенерирована успешно
2024-10-29 16:22:24,553 - masks - DEBUG: Получен номер карты
2024-10-29 16:22:24,553 - masks - DEBUG: Маска номера карты: 4292 07** **** 0609
2024-10-29 16:22:24,553 - masks - INFO: Маска номера карты сгенерирована успешно
2024-10-29 16:22:24,553 - masks - DEBUG: Получен номер карты
2024-10-29 16:22:24,553 - masks - DEBUG: Маска номера карты: 4061 23** **** 3434
2024-10-29 16:22:24,553 - masks - INFO: Маска номера карты сгенерирована успешно
2024-10-29 16:22:24,553 - masks - DEBUG: Получен номер карты
2024-10-29 16:22:24,553 - masks - DEBUG: Маска номера карты: 7539 82** **** 7635
2024-10-29 16:22:24,553 - masks - INFO: Маска номера карты сгенерирована успешно
2024-10-29 16:22:24,553 - masks - DEBUG: Получен номер карты
2024-10-29 16:22:24,553 - masks - DEBUG: Маска номера карты: 0367 57** **** 6034
2024-10-29 16:22:24,553 - masks - INFO: Маска номера карты сгенерирована успешно
2024-10-29 16:22:24,553 - masks - DEBUG: Получен номер карты
2024-10-29 16:22:24,553 - masks - DEBUG: Маска номера карты: 2631 39** **** 1406
2024-10-29 16:22:24,553 - masks - INFO: Маска номера карты сгенерирована успешно
2024-10-29 16:22:24,553 - masks - DEBUG: Получен номер карты
2024-10-29 16:22:24,553 - masks - DEBUG: Маска номера карты: 8640 37** **** 1887
2024-10-29 16:22:24,553 - masks - INFO: Маска номера карты сгенерирована успешно
2024-10-29 16:22:24,553 - masks - DEBUG: Получен номер карты
2024-10-29 16:22:24,553 - masks - DEBUG: Маска номера карты: 7686 97** **** 9707
2024-10-29 16:22:24,553 - masks - INFO: Маска номера карты сгенерирована успешно
2024-10-29 16:22:24,553 - masks - DEBUG: Получен номер карты
2024-10-29 16:22:24,553 - masks - DEBUG: Маска номера карты: 2121 33** **** 6092
2024-10-29 16:22:24,553 - masks - INFO: Маска номера карты сгенерирована успешно
2024-10-29 16:22:24,553 - masks - DEBUG: Получен номер карты
2024-10-29 16:22:24,553 - masks - DEBUG: Маска номера карты: 9627 71** **** 7209
2024-10-29 16:22:24,553 - masks - INFO: Маска номера карты сгенерирована успешно
2024-10-29 16:22:24,553 - masks - DEBUG: Получен номер карты
2024-10-29 16:22:24,553 - masks - DEBUG: Маска номера карты: 5356 43** **** 8123
2024-10-29 16:22:24,553 - masks - INFO: Маска номера карты сгенерирована успешно
2024-10-29 16:22:24,553 - masks - DEBUG: Получен номер карты
2024-10-29 16:22:24,553 - masks - DEBUG: Маска номера карты: 5416 02** **** 1924
2024-10-29 16:22:24,553 - masks - INFO: Маска номера карты сгенерирована успешно
2024-10-29 16:22:24,553 - masks - DEBUG: Получен номер карты
2024-10-29 16:22:24,553 - masks - DEBUG: Маска номера карты: 5848 37** **** 4023
2024-10-29 16:22:24,553 - masks - INFO: Маска номера карты сгенерирована успешно
2024-10-29 16:22:24,553 - masks - DEBUG: Получен номер карты
2024-10-29 16:22:24,553 - masks - DEBUG: Маска номера карты: 1069 88** **** 0464
2024-10-29 16:22:24,553 - masks - INFO: Маска номера карты сгенерирована успешно
2024-10-29 16:22:24,553 - masks - DEBUG: Получен номер карты
2024-10-29 16:22:24,553 - masks - DEBUG: Маска номера карты: 4984 04** **** 9768
2024-10-29 16:22:24,553 - masks - INFO: Маска номера карты сгенерирована успешно
2024-10-29 16:22:24,553 - masks - DEBUG: Получен номер карты
2024-10-29 16:22:24,553 - masks - DEBUG: Маска номера карты: 3322 18** **** 9558
2024-10-29 16:22:24,553 - masks - INFO: Маска номера карты сгенерирована успешно
2024-10-29 16:22:24,553 - masks - DEBUG: Получен номер счета
2024-10-29 16:22:24,553 - masks - DEBUG: Маска номера счета: **2634
2024-10-29 16:22:24,553 - masks - INFO: Маска номера счета сгенерирована успешно
2024-10-29 16:22:24,553 - masks - DEBUG: Получен номер счета
2024-10-29 16:22:24,553 - masks - DEBUG: Маска номера счета: **8416
2024-10-29 16:22:24,553 - masks - INFO: Маска номера счета сгенерирована успешно
2024-10-29 16:22:24,553 - masks - DEBUG: Получен номер карты
2024-10-29 16:22:24,553 - masks - DEBUG: Маска номера карты: 6209 61** **** 5647
2024-10-29 16:22:24,553 - masks - INFO: Маска номера карты сгенерирована успешно
2024-10-29 16:22:24,553 - masks - DEBUG: Получен номер карты
2024-10-29 16:22:24,553 - masks - DEBUG: Маска номера карты: 9813 63** **** 2445
2024-10-29 16:22:24,553 - masks - INFO: Маска номера карты сгенерирована успешно
2024-10-29 16:22:24,553 - masks - DEBUG: Получен номер карты
2024-10-29 16:22:24,553 - masks - DEBUG: Маска номера карты: 5243 10** **** 7572
2024-10-29 16:22:24,553 - masks - INFO: Маска номера карты сгенерирована успешно
2024-10-29 16:22:24,553 - masks - DEBUG: Получен номер карты
2024-10-29 16:22:24,553 - masks - DEBUG: Маска номера карты: 6128 34** **** 8016
2024-10-29 16:22:24,553 - masks - INFO: Маска номера карты сгенерирована успешно
2024-10-29 16:22:24,553 - masks - DEBUG: Получен номер карты
2024-10-29 16:22:24,553 - masks - DEBUG: Маска номера карты: 2226 44** **** 6364
2024-10-29 16:22:24,553 - masks - INFO: Маска номера карты сгенерирована успешно
2024-10-29 16:22:24,553 - masks - DEBUG: Получен номер карты
2024-10-29 16:22:24,553 - masks - DEBUG: Маска номера карты: 8416 39** **** 5930
2024-10-29 16:22:24,553 - masks - INFO: Маска номера карты сгенерирована успешно
2024-10-29 16:22:24,553 - masks - DEBUG: Получен номер карты
2024-10-29 16:22:24,553 - masks - DEBUG: Маска номера карты: 5061 06** **** 3921
2024-10-29 16:22:24,553 - masks - INFO: Маска номера карты сгенерирована успешно
2024-10-29 16:22:24,553 - masks - DEBUG: Получен номер карты
2024-10-29 16:22:24,553 - masks - DEBUG: Маска номера карты: 4364 90** **** 0679
2024-10-29 16:22:24,553 - masks - INFO: Маска номера карты сгенерирована успешно
2024-10-29 16:22:24,553 - masks - DEBUG: Получен номер счета
2024-10-29 16:22:24,553 - masks - DEBUG: Маска номера счета: **3069
2024-10-29 16:22:24,553 - masks - INFO: Маска номера счета сгенерирована успешно
2024-10-29 16:22:24,553 - masks - DEBUG: Получен номер счета
2024-10-29 16:22:24,553 - masks - DEBUG: Маска номера счета: **0954
2024-10-29 16:22:24,553 - masks - INFO: Маска номера счета сгенерирована успешно
2024-10-29 16:22:24,553 - masks - DEBUG: Получен номер счета
2024-10-29 16:22:24,553 - masks - DEBUG: Маска номера счета: **2791
2024-10-29 16:22:24,553 - masks - INFO: Маска номера счета сгенерирована успешно
2024-10-29 16:22:24,553 - masks - DEBUG: Получен номер счета
2024-10-29 16:22:24,553 - masks - DEBUG: Маска номера счета: **6847
2024-10-29 16:22:24,553 - masks - INFO: Маска номера счета сгенерирована успешно
2024-10-29 16:22:24,553 - masks - DEBUG: Получен номер карты
2024-10-29 16:22:24,553 - masks - DEBUG: Маска номера карты: 8926 69** **** 3176
2024-10-29 16:22:24,553 - masks - INFO: Маска номера карты сгенерирована успешно
2024-10-29 16:22:24,553 - masks - DEBUG: Получен номер карты
2024-10-29 16:22:24,553 - masks - DEBUG: Маска номера карты: 9331 95** **** 1046
2024-10-29 16:22:24,553 - masks - INFO: Маска номера карты сгенерирована успешно
2024-10-29 16:22:24,553 - masks - DEBUG: Получен номер счета
2024-10-29 16:22:24,553 - masks - DEBUG: Маска номера счета: **3779
2024-10-29 16:22:24,553 - masks - INFO: Маска номера счета сгенерирована успешно
2024-10-29 16:22:24,553 - masks - DEBUG: Получен номер счета
2024-10-29 16:22:24,553 - masks - DEBUG: Маска номера счета: **9799
2024-10-29 16:22:24,553 - masks - INFO: Маска номера счета сгенерирована успешно
2024-10-29 16:22:24,553 - masks - DEBUG: Получен номер карты
2024-10-29 16:22:24,553 - masks - DEBUG: Маска номера карты: 7070 32** **** 7914
2024-10-29 16:22:24,553 - masks - INFO: Маска номера карты сгенерирована успешно
2024-10-29 16:22:24,553 - masks - DEBUG: Получен номер карты
2024-10-29 16:22:24,553 - masks - DEBUG: Маска номера карты: 7851 41** **** 2318
2024-10-29 16:22:24,553 - masks - INFO: Маска номера карты сгенерирована успешно
2024-10-29 16:22:24,553 - masks - DEBUG: Получен номер карты
2024-10-29 16:22:24,553 - masks - DEBUG: Маска номера карты: 7221 58** **** 8643
2024-10-29 16:22:24,553 - masks - INFO: Маска номера карты сгенерирована успешно
2024-10-29 16:22:24,553 - masks - DEBUG: Получен номер карты
2024-10-29 16:22:24,553 - masks - DEBUG: Маска номера карты: 7513 52** **** 9808
2024-10-29 16:22:24,553 - masks - INFO: Маска номера карты сгенерирована успешно
2024-10-29 16:22:24,553 - masks - DEBUG: Получен номер счета
2024-10-29 16:22:24,553 - masks - DEBUG: Маска номера счета: **2197
2024-10-29 16:22:24,553 - masks - INFO: Маска номера счета сгенерирована успешно
2024-10-29 16:22:24,553 - masks - DEBUG: Получен номер счета
2024-10-29 16:22:24,553 - masks - DEBUG: Маска номера счета: **8654
2024-10-29 16:22:24,553 - masks - INFO: Маска номера счета сгенерирована успешно
2024-10-29 16:22:24,553 - masks - DEBUG: Получен номер карты
2024-10-29 16:22:24,553 - masks - DEBUG: Маска номера карты: 0685 34** **** 6933
2024-10-29 16:22:24,553 - masks - INFO: Маска номера карты сгенерирована успешно
2024-10-29 16:22:24,553 - masks - DEBUG: Получен номер карты
2024-10-29 16:22:24,553 - masks - DEBUG: Маска номера карты: 4063 91** **** 9068
2024-10-29 16:22:24,553 - masks - INFO: Маска номера карты сгенерирована успешно
2024-10-29 16:22:24,553 - masks - DEBUG: Получен номер карты
2024-10-29 16:22:24,553 - masks - DEBUG: Маска номера карты: 4149 15** **** 9209
2024-10-29 16:22:24,553 - masks - INFO: Маска номера карты сгенерирована успешно
2024-10-29 16:22:24,553 - masks - DEBUG: Получен номер карты
2024-10-29 16:22:24,553 - masks - DEBUG: Маска номера карты: 0537 72** **** 9176
2024-10-29 16:22:24,553 - masks - INFO: Маска номера карты сгенерирована успешно
2024-10-29 16:22:24,553 - masks - DEBUG: Получен номер карты
2024-10-29 16:22:24,553 - masks - DEBUG: Маска номера карты: 6590 09** **** 7674
2024-10-29 16:22:24,553 - masks - INFO: Маска номера карты сгенерирована успешно
2024-10-29 16:22:24,553 - masks - DEBUG: Получен номер карты
2024-10-29 16:22:24,553 - masks - DEBUG: Маска номера карты: 0974 68** **** 2673
2024-10-29 16:22:24,553 - masks - INFO: Маска номера карты сгенерирована успешно
2024-10-29 16:22:24,553 - masks - DEBUG: Получен номер карты
2024-10-29 16:22:24,553 - masks - DEBUG: Маска номера карты: 9896 59** **** 2723
2024-10-29 16:22:24,553 - masks - INFO: Маска номера карты сгенерирована успешно
2024-10-29 16:22:24,553 - masks - DEBUG: Получен номер счета
2024-10-29 16:22:24,553 - masks - DEBUG: Маска номера счета: **4947
2024-10-29 16:22:24,553 - masks - INFO: Маска номера счета сгенерирована успешно
2024-10-29 16:22:24,553 - masks - DEBUG: Получен номер карты
2024-10-29 16:22:24,553 - masks - DEBUG: Маска номера карты: 0287 14** **** 5096
2024-10-29 16:22:24,553 - masks - INFO: Маска номера карты сгенерирована успешно
2024-10-29 16:22:24,553 - masks - DEBUG: Получен номер карты
2024-10-29 16:22:24,553 - masks - DEBUG: Маска номера карты: 1820 51** **** 8766
2024-10-29 16:22:24,553 - masks - INFO: Маска номера карты сгенерирована успешно
2024-10-29 16:22:24,553 - masks - DEBUG: Получен номер карты
2024-10-29 16:22:24,553 - masks - DEBUG: Маска номера карты: 6912 59** **** 9080
2024-10-29 16:22:24,553 - masks - INFO: Маска номера карты сгенерирована успешно
2024-10-29 16:22:24,553 - masks - DEBUG: Получен номер счета
2024-10-29 16:22:24,553 - masks - DEBUG: Маска номера счета: **3220
2024-10-29 16:22:24,553 - masks - INFO: Маска номера счета сгенерирована успешно
2024-10-29 16:22:24,553 - masks - DEBUG: Получен номер карты
2024-10-29 16:22:24,553 - masks - DEBUG: Маска номера карты: 3924 65** **** 2459
2024-10-29 16:22:24,553 - masks - INFO: Маска номера карты сгенерирована успешно
2024-10-29 16:22:24,553 - masks - DEBUG: Получен номер карты
2024-10-29 16:22:24,553 - masks - DEBUG: Маска номера карты: 9881 72** **** 1376
2024-10-29 16:22:24,553 - masks - INFO: Маска номера карты сгенерирована успешно
2024-10-29 16:22:24,553 - masks - DEBUG: Получен номер карты
2024-10-29 16:22:24,553 - masks - DEBUG: Маска номера карты: 3665 70** **** 0451
2024-10-29 16:22:24,553 - masks - INFO: Маска номера карты сгенерирована успешно
2024-10-29 16:22:24,553 - masks - DEBUG: Получен номер карты
2024-10-29 16:22:24,553 - masks - DEBUG: Маска номера карты: 0562 16** **** 9124
2024-10-29 16:22:24,553 - masks - INFO: Маска номера карты сгенерирована успешно
2024-10-29 16:22:24,553 - masks - DEBUG: Получен номер карты
2024-10-29 16:22:24,553 - masks - DEBUG: Маска номера карты: 5542 28** **** 5939
2024-10-29 16:22:24,553 - masks - INFO: Маска номера карты сгенерирована успешно
2024-10-29 16:22:24,553 - masks - DEBUG: Получен номер карты
2024-10-29 16:22:24,553 - masks - DEBUG: Маска номера карты: 6909 94** **** 1005
2024-10-29 16:22:24,553 - masks - INFO: Маска номера карты сгенерирована успешно
2024-10-29 16:22:24,553 - masks - DEBUG: Получен номер карты
2024-10-29 16:22:24,553 - masks - DEBUG: Маска номера карты: 2130 67** **** 3745
2024-10-29 16:22:24,553 - masks - INFO: Маска номера карты сгенерирована успешно
2024-10-29 16:22:24,553 - masks - DEBUG: Получен номер счета
2024-10-29 16:22:24,553 - masks - DEBUG: Маска номера счета: **3109
2024-10-29 16:22:24,553 - masks - INFO: Маска номера счета сгенерирована успешно
2024-10-29 16:22:24,553 - masks - DEBUG: Получен номер карты
2024-10-29 16:22:24,553 - masks - DEBUG: Маска номера карты: 9458 11** **** 2215
2024-10-29 16:22:24,553 - masks - INFO: Маска номера карты сгенерирована успешно
2024-10-29 16:22:24,553 - masks - DEBUG: Получен номер карты
2024-10-29 16:22:24,553 - masks - DEBUG: Маска номера карты: 6335 85** **** 6628
2024-10-29 16:22:24,553 - masks - INFO: Маска номера карты сгенерирована успешно
2024-10-29 16:22:24,553 - masks - DEBUG: Получен номер карты
2024-10-29 16:22:24,553 - masks - DEBUG: Маска номера карты: 8628 64** **** 3956
2024-10-29 16:22:24,553 - masks - INFO: Маска номера карты сгенерирована успешно
2024-10-29 16:22:24,553 - masks - DEBUG: Получен номер счета
2024-10-29 16:22:24,553 - masks - DEBUG: Маска номера счета: **5845
2024-10-29 16:22:24,553 - masks - INFO: Маска номера счета сгенерирована успешно
2024-10-29 16:22:24,553 - masks - DEBUG: Получен номер карты
2024-10-29 16:22:24,553 - masks - DEBUG: Маска номера карты: 3924 59** **** 5344
2024-10-29 16:22:24,553 - masks - INFO: Маска номера карты сгенерирована успешно
2024-10-29 16:22:24,553 - masks - DEBUG: Получен номер карты
2024-10-29 16:22:24,553 - masks - DEBUG: Маска номера карты: 4023 20** **** 9133
2024-10-29 16:22:24,553 - masks - INFO: Маска номера карты сгенерирована успешно
2024-10-29 16:22:24,553 - masks - DEBUG: Получен номер карты
2024-10-29 16:22:24,553 - masks - DEBUG: Маска номера карты: 2547 09** **** 3746
2024-10-29 16:22:24,553 - masks - INFO: Маска номера карты сгенерирована успешно
2024-10-29 16:22:24,553 - masks - DEBUG: Получен номер карты
2024-10-29 16:22:24,553 - masks - DEBUG: Маска номера карты: 1506 53** **** 7020
2024-10-29 16:22:24,553 - masks - INFO: Маска номера карты сгенерирована успешно
2024-10-29 16:22:24,553 - masks - DEBUG: Получен номер карты
2024-10-29 16:22:24,553 - masks - DEBUG: Маска номера карты: 2860 18** **** 3465
2024-10-29 16:22:24,553 - masks - INFO: Маска номера карты сгенерирована успешно
2024-10-29 16:22:24,553 - masks - DEBUG: Получен номер карты
2024-10-29 16:22:24,553 - masks - DEBUG: Маска номера карты: 4880 89** **** 6329
2024-10-29 16:22:24,553 - masks - INFO: Маска номера карты сгенерирована успешно
2024-10-29 16:22:24,553 - masks - DEBUG: Получен номер карты
2024-10-29 16:22:24,553 - masks - DEBUG: Маска номера карты: 3233 29** **** 8307
2024-10-29 16:22:24,553 - masks - INFO: Маска номера карты сгенерирована успешно
2024-10-29 16:22:24,553 - masks - DEBUG: Получен номер карты
2024-10-29 16:22:24,553 - masks - DEBUG: Маска номера карты: 9919 34** **** 8547
2024-10-29 16:22:24,569 - masks - INFO: Маска номера карты сгенерирована успешно
2024-10-29 16:22:24,569 - masks - DEBUG: Получен номер карты
2024-10-29 16:22:24,569 - masks - DEBUG: Маска номера карты: 8086 80** **** 5997
2024-10-29 16:22:24,569 - masks - INFO: Маска номера карты сгенерирована успешно
2024-10-29 16:22:24,569 - masks - DEBUG: Получен номер карты
2024-10-29 16:22:24,569 - masks - DEBUG: Маска номера карты: 0250 61** **** 9995
2024-10-29 16:22:24,569 - masks - INFO: Маска номера карты сгенерирована успешно
2024-10-29 16:22:24,569 - masks - DEBUG: Получен номер счета
2024-10-29 16:22:24,569 - masks - DEBUG: Маска номера счета: **2721
2024-10-29 16:22:24,569 - masks - INFO: Маска номера счета сгенерирована успешно
2024-10-29 16:22:24,569 - masks - DEBUG: Получен номер счета
2024-10-29 16:22:24,569 - masks - DEBUG: Маска номера счета: **6314
2024-10-29 16:22:24,569 - masks - INFO: Маска номера счета сгенерирована успешно
2024-10-29 16:22:24,569 - masks - DEBUG: Получен номер карты
2024-10-29 16:22:24,569 - masks - DEBUG: Маска номера карты: 7269 00** **** 0165
2024-10-29 16:22:24,569 - masks - INFO: Маска номера карты сгенерирована успешно
2024-10-29 16:22:24,569 - masks - DEBUG: Получен номер карты
2024-10-29 16:22:24,569 - masks - DEBUG: Маска номера карты: 1963 03** **** 7681
2024-10-29 16:22:24,569 - masks - INFO: Маска номера карты сгенерирована успешно
